PLAYER,TEAM,POS,AGE,GP,ATOI,G,A,PTS,PPG,PPA,PPP,SOG,SH%,HIT,BLK,PIM,GWG,+/-,FO%
Connor McDavid,EDM,C,25,82,22.5,47,90,137,12,38,50,313,15.1%,71,29,41,7,26,53.8%
Leon Draisaitl,EDM,"C,LW",26,82,22.5,50,69,119,22,23,45,263,19.0%,48,24,36,8,21,55.0%
Nikita Kucherov,TBL,RW,29,82,19.6,41,70,112,11,31,42,261,15.7%,52,16,39,6,14,--
Nathan MacKinnon,COL,C,27,82,21.0,38,72,110,11,24,35,366,10.5%,76,40,46,6,30,46.1%
Auston Matthews,TOR,C,24,82,21.2,64,45,109,16,12,28,380,16.9%,70,72,17,10,28,56.4%
Mitchell Marner,TOR,RW,25,82,21.6,32,70,103,5,23,28,242,13.4%,67,44,21,5,24,--
Artemi Panarin,NYR,LW,30,82,18.9,28,74,101,6,24,30,191,14.4%,27,18,20,4,25,--
Mikko Rantanen,COL,"C,RW",25,82,20.9,43,56,100,16,19,36,273,15.8%,55,42,51,7,33,49.5%
Kirill Kaprizov,MIN,LW,25,82,19.3,46,51,97,13,13,26,283,16.2%,64,30,30,7,26,--
Jonathan Huberdeau,CGY,LW,29,82,19.1,28,68,96,6,28,34,198,14.0%,88,28,50,4,23,40.3%
David Pastrnak,BOS,RW,26,82,18.8,45,48,93,16,15,32,339,13.2%,64,20,33,7,24,--
Aleksander Barkov,FLA,C,27,82,20.5,38,54,92,12,17,29,253,15.0%,53,52,23,6,28,59.2%
Cale Makar,COL,D,23,82,25.8,22,66,89,7,28,36,237,9.5%,96,100,24,4,32,--
Patrick Kane,CHI,RW,33,82,20.9,25,63,87,7,21,27,279,8.9%,21,27,26,4,-9,--
Kyle Connor,WPG,LW,25,82,21.6,45,42,87,11,12,23,297,15.1%,30,25,16,7,0,--
Jason Robertson,DAL,LW,23,82,18.6,40,47,87,9,10,19,256,15.6%,53,25,25,6,21,--
Jake Guentzel,PIT,LW,27,82,20.1,39,47,87,10,15,24,258,15.3%,75,42,41,6,20,--
Brad Marchand,BOS,LW,34,82,18.2,32,55,87,6,21,27,230,14.0%,88,23,91,5,19,--
Steven Stamkos,TBL,"C,LW",32,82,17.7,38,48,86,17,14,30,219,17.2%,90,34,33,6,19,53.0%
Johnny Gaudreau,CBJ,LW,29,82,18.3,30,55,85,7,16,23,227,13.2%,10,12,20,5,33,--
Matthew Tkachuk,FLA,RW,24,82,18.4,33,52,85,9,17,26,247,13.4%,115,20,76,5,35,--
Mark Scheifele,WPG,C,29,82,20.9,32,52,84,8,15,23,185,17.4%,43,57,27,5,-6,50.4%
Sidney Crosby,PIT,C,35,82,19.0,30,54,84,7,22,29,216,14.0%,62,42,35,5,13,53.1%
Sebastian Aho,CAR,C,25,82,20.0,39,45,84,12,15,27,237,16.4%,84,32,38,6,16,55.2%
Vladimir Tarasenko,STL,RW,30,82,16.5,36,47,83,6,15,21,242,15.0%,87,48,32,6,5,--
J.T. Miller,VAN,"C,LW",29,82,20.7,27,54,82,7,23,30,186,14.8%,156,52,50,4,6,57.2%
Alex DeBrincat,OTT,LW,24,82,20.9,42,38,80,14,12,26,271,15.4%,96,33,16,7,-4,47.1%
Andrei Svechnikov,CAR,LW,22,82,18.4,31,48,79,9,19,27,272,11.4%,187,23,77,5,17,--
Nikolaj Ehlers,WPG,"LW,RW",26,82,18.0,37,42,79,8,8,16,303,12.2%,41,32,29,6,24,--
Filip Forsberg,NSH,LW,28,82,18.0,36,43,78,9,17,26,267,13.4%,117,46,29,6,5,--
Gabriel Landeskog,COL,"C,LW",29,82,19.8,36,42,78,11,11,21,226,16.0%,136,50,82,6,28,55.9%
Mika Zibanejad,NYR,C,29,82,19.6,34,42,77,15,10,25,226,15.2%,74,56,18,5,14,53.8%
Kevin Fiala,LAK,"LW,RW",26,82,17.6,33,43,76,8,13,21,260,12.7%,46,23,55,5,13,--
Brayden Point,TBL,C,26,82,19.5,35,42,76,11,12,23,208,16.8%,69,32,30,5,9,51.7%
William Nylander,TOR,"LW,RW",26,82,18.3,34,42,76,11,14,24,255,13.2%,17,26,17,5,3,57.8%
Evgeni Malkin,PIT,C,36,82,17.3,28,47,75,12,17,29,209,13.2%,49,35,52,4,-9,44.7%
Matt Boldy,MIN,"LW,RW",21,82,16.3,28,46,74,6,14,19,215,13.2%,41,44,19,4,31,--
Jack Eichel,VGK,C,25,82,19.9,34,40,73,7,18,25,297,11.4%,95,74,25,5,10,49.3%
Jordan Kyrou,STL,"LW,RW",24,82,16.7,28,46,73,3,11,15,200,13.8%,7,25,22,4,10,--
Patrik Laine,CBJ,"LW,RW",24,82,19.3,34,39,73,9,11,21,240,14.2%,60,26,37,5,-10,--
Alex Ovechkin,WSH,LW,36,82,19.3,45,28,73,15,10,24,323,13.9%,171,33,23,7,1,--
Roman Josi,NSH,D,32,82,24.7,17,56,73,5,23,28,266,6.4%,61,131,44,3,3,--
Drake Batherson,OTT,RW,24,82,19.1,30,43,73,6,21,28,201,14.9%,153,33,43,5,0,--
Victor Hedman,TBL,D,31,82,24.3,15,58,73,3,30,33,202,7.5%,85,120,38,2,13,--
Mark Stone,VGK,RW,30,82,18.1,23,49,73,7,11,18,152,15.4%,46,51,25,4,19,--
Quinn Hughes,VAN,D,22,82,25.6,8,64,72,1,31,32,168,4.8%,21,67,32,1,-8,--
Max Pacioretty,CAR,LW,33,82,16.7,35,36,71,8,12,20,290,12.2%,68,45,53,6,18,--
Bryan Rust,PIT,RW,30,82,18.7,33,38,71,11,13,24,223,14.9%,70,39,24,5,14,--
Jack Hughes,NJD,C,21,82,20.4,29,41,71,7,13,20,274,10.8%,16,28,12,5,-17,39.2%
Elias Pettersson,VAN,"C,LW",23,82,19.1,33,38,71,10,13,23,206,16.1%,53,48,16,5,9,47.1%
Pavel Buchnevich,STL,"LW,RW",27,82,18.2,27,43,71,5,10,15,198,13.8%,69,26,40,4,20,--
Tyler Bertuzzi,DET,"LW,RW",27,82,19.8,37,34,70,11,9,21,195,19.0%,79,45,55,6,-12,--
Elias Lindholm,CGY,C,27,82,19.8,34,36,70,9,11,20,211,16.3%,73,51,25,5,33,55.5%
John Carlson,WSH,D,32,82,23.2,15,56,70,4,20,23,198,7.5%,73,113,23,2,6,--
Roope Hintz,DAL,C,25,82,18.0,32,39,70,9,19,28,202,15.7%,88,48,23,5,12,54.4%
Adam Fox,NYR,D,24,82,24.4,9,60,69,1,28,29,167,5.4%,36,142,30,1,17,--
Mathew Barzal,NYI,C,25,82,18.7,22,47,69,2,15,17,194,11.2%,36,25,35,3,0,46.9%
John Tavares,TOR,C,31,82,17.6,26,42,69,9,13,21,231,11.4%,81,44,28,4,-1,59.5%
Sam Reinhart,FLA,"C,RW",26,82,18.4,33,36,68,14,11,25,187,17.4%,44,33,13,5,9,49.6%
Timo Meier,SJS,"LW,RW",25,82,18.7,29,39,68,7,11,18,306,9.6%,158,54,52,5,-6,--
Clayton Keller,ARI,"LW,RW",24,82,20.0,29,39,68,6,11,17,225,12.8%,23,32,35,5,-1,52.5%
Evgeny Kuznetsov,WSH,C,30,82,19.2,21,47,68,6,15,21,189,11.0%,44,31,44,3,8,44.4%
Josh Norris,OTT,C,23,82,19.0,38,30,68,16,12,29,206,18.5%,98,56,21,6,-10,53.0%
Nico Hischier,NJD,C,23,82,20.0,27,39,67,7,9,16,197,13.8%,61,61,18,4,-1,55.7%
Robert Thomas,STL,C,23,82,18.6,17,50,67,2,8,10,120,14.2%,15,31,22,3,15,51.9%
Michael Bunting,TOR,LW,26,82,15.5,26,40,66,5,2,6,179,14.7%,81,22,75,4,26,--
Nazem Kadri,CGY,C,31,82,18.0,25,42,66,6,14,20,251,9.8%,64,24,86,4,8,51.6%
Nick Suzuki,MTL,C,23,82,20.6,23,43,66,9,14,24,191,11.9%,91,58,26,4,-18,51.5%
Jesper Bratt,NJD,RW,24,82,17.5,23,43,66,3,13,16,205,11.3%,36,33,16,4,5,--
Andre Burakovsky,SEA,"LW,RW",27,82,16.1,27,38,65,4,11,15,157,17.2%,43,36,21,4,13,--
Mats Zuccarello,MIN,RW,35,82,17.1,21,44,65,6,11,17,146,14.3%,39,40,25,3,11,37.8%
Brady Tkachuk,OTT,LW,22,82,19.6,30,35,65,7,9,16,328,9.0%,302,33,117,5,-10,52.8%
Nick Schmaltz,ARI,"C,RW",26,82,18.1,22,43,65,4,8,12,156,13.9%,19,41,22,3,4,47.5%
Travis Konecny,PHI,RW,25,82,17.7,22,43,65,6,14,19,209,10.5%,81,34,55,3,-9,--
Blake Wheeler,WPG,RW,36,82,18.2,20,45,65,4,17,21,182,10.7%,89,49,49,3,-15,--
Tim Stützle,OTT,"C,LW",20,82,19.4,24,40,64,8,17,25,209,11.7%,122,48,35,4,-26,42.5%
Tony DeAngelo,PHI,D,26,82,19.8,14,50,64,2,21,23,190,7.4%,52,76,69,2,26,--
Trevor Zegras,ANA,C,21,82,18.9,23,41,64,6,6,12,223,10.1%,61,30,56,4,-19,43.8%
Dylan Larkin,DET,C,26,82,20.2,26,38,64,5,10,15,252,10.4%,78,36,51,4,-17,53.2%
Lucas Raymond,DET,RW,20,82,19.3,25,38,64,5,15,20,204,12.4%,64,26,16,4,-28,--
David Perron,DET,RW,34,82,16.5,26,38,64,9,17,26,189,13.6%,87,21,51,4,4,--
Brock Boeser,VAN,RW,25,82,19.1,28,35,64,11,9,20,237,11.9%,41,29,24,4,1,59.3%
Kris Letang,PIT,D,35,82,24.5,11,52,63,2,19,21,206,5.4%,156,115,45,2,13,--
Tomas Hertl,SJS,C,28,82,19.3,28,35,63,5,9,14,192,14.7%,85,58,30,4,-9,55.4%
Ryan O'Reilly,STL,C,31,82,18.9,21,41,62,6,10,16,151,14.0%,25,42,15,3,13,59.8%
Ryan Strome,ANA,C,29,82,18.2,21,42,62,4,14,18,173,12.0%,44,26,63,3,15,45.9%
Anze Kopitar,LAK,C,35,82,19.8,17,45,62,5,19,24,167,10.3%,72,65,17,3,-6,59.0%
Teuvo Teravainen,CAR,"LW,RW",28,82,17.8,17,44,61,5,18,23,200,8.4%,17,33,19,3,19,--
Oliver Bjorkstrand,SEA,RW,27,82,18.0,29,32,61,7,8,15,233,12.6%,77,34,21,5,-17,--
Evander Kane,EDM,LW,31,82,18.9,31,29,61,7,3,10,264,11.9%,210,26,106,5,13,--
Aaron Ekblad,FLA,D,26,82,25.0,18,42,61,5,15,20,232,7.8%,71,90,46,3,20,--
Jonathan Marchessault,VGK,"LW,RW",31,82,16.9,27,34,60,5,8,13,252,10.5%,73,20,40,4,8,45.2%
Pierre-Luc Dubois,WPG,C,24,82,18.9,24,35,60,7,11,18,220,11.1%,107,50,85,4,-2,47.4%
Brayden Schenn,STL,"C,LW",31,82,17.5,25,34,60,8,9,17,143,17.8%,150,31,46,4,12,50.7%
Jakub Voracek,CBJ,"LW,RW",33,82,16.6,9,51,60,1,16,17,140,6.1%,30,30,40,1,-6,--
Patrice Bergeron,BOS,C,37,82,16.9,27,32,59,9,10,19,262,10.3%,81,52,23,4,24,63.8%
Claude Giroux,OTT,"C,RW",34,82,18.0,21,38,59,4,15,19,194,10.7%,68,17,27,3,-1,61.3%
Zach Hyman,EDM,"LW,RW",30,82,19.1,30,29,59,7,6,12,202,14.8%,88,37,34,5,5,49.9%
Ryan Nugent-Hopkins,EDM,"C,LW",29,82,19.4,18,40,58,6,21,27,188,9.7%,49,47,24,3,2,45.4%
Bo Horvat,VAN,C,27,82,19.6,30,29,58,12,5,18,211,14.0%,99,59,40,5,-5,58.2%
Matt Duchene,NSH,RW,31,82,17.8,26,32,58,8,8,17,200,13.0%,45,29,31,4,-3,55.4%
Nicklas Backstrom,WSH,C,34,82,16.7,12,46,58,3,21,24,118,10.6%,35,36,19,2,-7,47.2%
Anton Lundell,FLA,C,20,82,16.7,24,34,58,2,5,6,166,14.7%,34,75,24,4,39,50.1%
Jared McCann,SEA,"C,LW",26,82,16.0,27,31,58,10,8,18,210,12.9%,76,33,29,4,-3,47.0%
Cole Caufield,MTL,"LW,RW",21,82,17.6,30,27,58,7,11,18,249,12.2%,23,9,14,5,-22,--
Chris Kreider,NYR,"LW,RW",31,82,17.9,37,21,57,18,5,23,210,17.4%,145,49,41,6,11,51.1%
Vincent Trocheck,NYR,C,29,82,17.6,21,36,57,6,11,18,179,11.9%,171,48,64,3,11,57.1%
Tage Thompson,BUF,C,24,82,17.7,32,25,56,9,5,14,265,11.9%,65,24,36,5,-12,42.0%
Brock Nelson,NYI,C,30,82,17.3,32,25,56,9,3,12,177,17.9%,42,47,26,5,-3,51.1%
Shea Theodore,VGK,D,27,82,23.1,14,43,56,0,15,15,233,5.8%,37,93,25,2,17,--
Zach Werenski,CBJ,D,25,82,25.9,17,39,56,3,14,17,240,7.2%,43,107,24,3,-11,--
Conor Garland,VAN,"LW,RW",26,82,16.6,22,34,56,3,5,8,216,10.3%,48,27,32,3,13,--
Anthony Duclair,FLA,RW,27,82,15.3,26,30,56,6,7,13,189,13.8%,46,22,31,4,21,--
Tom Wilson,WSH,RW,28,82,18.2,24,31,56,7,6,13,157,15.5%,233,57,115,4,7,48.7%
Joel Farabee,PHI,"C,LW",22,82,18.1,26,29,55,3,6,9,176,14.9%,87,45,62,4,-3,36.9%
Rasmus Dahlin,BUF,D,22,82,24.6,10,45,55,3,19,22,188,5.5%,122,94,58,2,-21,--
Morgan Rielly,TOR,D,28,82,23.7,8,47,55,0,17,17,195,3.9%,85,95,34,1,10,--
Seth Jarvis,CAR,"LW,RW",20,82,15.0,23,31,54,3,6,9,148,15.4%,85,27,24,4,14,--
Joe Pavelski,DAL,"C,RW",38,82,17.0,22,32,54,10,8,18,172,12.7%,98,63,22,3,10,52.9%
Martin Necas,CAR,RW,23,82,17.0,20,34,54,5,7,11,174,11.5%,64,31,31,3,10,56.4%
Chandler Stephenson,VGK,"C,RW",28,82,18.6,20,33,53,4,5,10,119,16.7%,69,50,32,3,17,53.6%
Alex Tuch,BUF,RW,26,82,18.1,23,31,53,5,8,13,222,10.2%,67,68,24,4,0,--
Moritz Seider,DET,D,21,82,24.1,7,46,53,2,21,23,200,3.7%,151,173,36,1,-6,--
Devon Toews,COL,D,28,82,24.9,13,40,53,2,8,9,184,7.2%,66,117,26,2,32,--
Dylan Strome,WSH,"C,RW",25,82,17.5,22,30,52,6,10,16,154,14.5%,17,42,29,3,-6,52.0%
Charlie McAvoy,BOS,D,24,82,24.9,8,44,52,2,13,15,169,5.0%,150,141,59,1,26,--
Tyler Toffoli,CGY,"LW,RW",30,82,16.1,27,25,52,8,6,14,212,12.9%,87,24,18,4,-5,--
Taylor Hall,BOS,LW,30,82,16.3,16,36,52,4,9,14,209,7.7%,53,33,39,3,2,--
Thomas Chabot,OTT,D,25,82,26.7,9,43,52,1,13,14,233,3.9%,100,122,46,1,-11,--
Troy Terry,ANA,RW,25,82,17.8,23,28,52,4,4,8,178,13.2%,7,27,26,4,-9,--
Mason Marchment,DAL,"LW,RW",27,82,14.2,18,34,52,1,1,3,166,10.8%,166,16,72,3,33,--
Andrew Copp,DET,"C,RW",28,82,18.8,21,30,52,5,6,11,179,11.9%,63,49,21,3,6,57.0%
Alex Killorn,TBL,"LW,RW",33,82,17.7,24,27,51,7,6,13,149,16.1%,84,23,46,4,6,--
Mike Hoffman,MTL,"LW,RW",32,82,15.9,23,28,51,8,12,20,184,12.5%,39,30,33,4,-15,--
Carter Verhaeghe,FLA,LW,27,82,15.7,25,26,51,1,2,3,169,14.8%,54,19,42,4,17,--
Joel Eriksson Ek,MIN,C,25,82,18.6,25,26,51,6,5,12,214,11.6%,144,54,25,4,17,51.0%
Ondrej Palat,NJD,LW,31,82,16.1,18,32,50,4,8,12,144,12.6%,127,54,26,3,12,--
Victor Olofsson,BUF,RW,27,82,16.0,21,29,50,9,7,17,181,11.6%,14,19,9,3,-14,--
Tyler Seguin,DAL,"C,RW",30,82,17.6,21,29,50,3,11,13,226,9.4%,93,34,29,3,-14,57.1%
Yegor Sharangovich,NJD,"C,LW",24,82,17.0,26,24,50,3,1,4,181,14.2%,32,30,21,4,-13,44.3%
Torey Krug,STL,D,31,82,20.4,7,43,50,2,20,21,155,4.4%,64,82,50,1,12,--
Dougie Hamilton,NJD,D,29,82,21.4,14,36,50,2,13,15,262,5.2%,102,114,46,2,10,--
Jaden Schwartz,SEA,LW,30,82,17.9,18,31,49,4,7,10,185,9.7%,85,37,32,3,-13,--
Pavel Zacha,BOS,"C,LW",25,82,17.2,20,29,49,6,7,13,164,12.2%,81,18,21,3,-16,51.5%
Anthony Mantha,WSH,"LW,RW",27,82,15.9,21,28,49,3,3,6,187,11.1%,91,41,37,3,4,--
Drew Doughty,LAK,D,32,82,25.0,10,38,48,6,14,21,173,6.0%,120,110,50,2,-9,--
Valeri Nichushkin,COL,"LW,RW",27,82,17.9,22,26,48,3,3,5,197,11.4%,109,38,15,3,24,--
Logan Couture,SJS,C,33,82,18.1,22,26,48,2,9,12,174,12.6%,93,63,21,3,-10,51.3%
Connor Brown,WSH,RW,28,82,19.7,19,29,48,2,6,8,160,12.0%,27,47,17,3,-17,42.0%
Yanni Gourde,SEA,C,30,82,17.3,20,28,48,2,7,10,143,13.7%,83,33,52,3,-9,52.1%
Andrew Mangiapane,CGY,"LW,RW",26,82,15.9,28,20,48,4,3,8,163,17.0%,73,38,34,4,12,45.9%
Adrian Kempe,LAK,"LW,RW",26,82,18.4,25,23,47,5,12,17,228,10.8%,100,30,42,4,-10,--
William Karlsson,VGK,"C,LW",29,82,18.2,16,31,47,1,6,7,157,10.2%,49,49,14,3,8,54.6%
Tyson Barrie,EDM,D,31,82,19.0,7,41,47,2,18,21,168,4.0%,34,78,18,1,2,--
Sam Bennett,FLA,C,26,82,16.4,25,23,47,3,4,7,231,10.6%,149,30,79,4,16,49.0%
John Klingberg,ANA,D,30,82,21.9,8,40,47,1,19,21,152,5.0%,57,86,35,1,-20,--
Phillip Danault,LAK,C,29,82,17.7,18,29,47,1,2,4,159,11.3%,88,48,36,3,13,56.5%
Ryan Hartman,MIN,C,27,82,17.1,20,27,47,1,7,7,190,10.8%,71,56,84,3,17,46.7%
Seth Jones,CHI,D,27,82,25.9,7,40,47,2,14,16,202,3.4%,105,162,33,1,-19,--
Kevin Hayes,PHI,C,30,82,17.5,19,28,47,4,5,10,196,9.5%,72,22,30,3,-19,46.2%
Jonathan Drouin,MTL,LW,27,82,16.9,10,36,47,1,9,10,150,6.8%,65,21,47,2,-14,49.2%
Mikael Granlund,NSH,C,30,82,19.6,16,31,47,5,10,16,123,13.0%,83,59,30,3,-6,50.3%
Anthony Cirelli,TBL,"C,LW",25,82,18.7,17,29,46,2,6,8,152,11.3%,88,66,45,3,14,51.0%
Ryan Johansen,NSH,C,30,82,16.3,18,29,46,7,9,16,110,16.0%,68,33,48,3,-1,53.2%
Viktor Arvidsson,LAK,"LW,RW",29,82,16.6,20,26,46,5,4,8,247,8.2%,28,51,29,3,3,--
Jack Roslovic,CBJ,C,25,82,15.2,20,26,46,4,5,9,140,14.1%,60,29,16,3,0,44.9%
T.J. Oshie,WSH,"C,RW",35,82,16.4,23,23,46,12,5,17,132,17.7%,135,52,24,4,-11,44.6%
Rem Pitlick,MTL,"LW,RW",25,82,15.3,18,28,46,0,1,1,81,22.2%,30,36,30,3,-6,49.0%
Jordan Eberle,SEA,RW,32,82,17.1,21,25,46,3,6,9,169,12.3%,50,41,18,3,-11,--
Christian Dvorak,MTL,C,26,82,17.6,20,26,46,6,5,11,137,14.3%,49,69,26,3,-14,58.5%
Anthony Beauvillier,NYI,"LW,RW",25,82,17.2,20,25,46,5,5,10,176,11.5%,53,26,17,3,-2,--
Erik Karlsson,SJS,D,32,82,22.8,12,33,46,1,12,13,175,6.9%,31,88,25,2,-20,--
Jesse Puljujarvi,EDM,RW,24,82,16.6,22,24,45,5,4,9,205,10.6%,110,24,24,3,24,--
Brandon Hagel,TBL,"LW,RW",24,82,16.5,22,24,45,2,6,9,145,14.9%,71,42,28,3,-19,53.9%
Frederick Gaudreau,MIN,"C,RW",29,82,16.1,15,30,45,1,2,3,132,11.4%,49,44,9,2,11,53.4%
Marcus Foligno,MIN,"LW,RW",31,82,15.5,22,23,45,4,1,5,99,22.3%,241,45,98,3,24,--
Kasperi Kapanen,PIT,RW,26,82,15.1,16,30,45,1,5,6,138,11.4%,101,19,17,2,7,--
Rickard Rakell,PIT,"LW,RW",29,82,17.7,18,27,45,3,6,9,216,8.4%,107,42,15,3,-4,47.9%
Brandon Saad,STL,LW,29,82,15.7,26,19,45,5,2,7,150,17.2%,28,23,16,4,5,--
Evan Bouchard,EDM,D,22,82,20.5,12,32,45,2,5,7,215,5.8%,80,119,29,2,5,--
Jonathan Toews,CHI,C,34,82,16.8,12,32,45,2,4,6,137,9.0%,37,30,42,2,-12,60.9%
Cam Atkinson,PHI,RW,33,82,17.5,19,26,45,3,7,10,217,8.6%,30,47,10,3,-8,--
Adam Henrique,ANA,"C,LW",32,82,16.4,24,21,45,5,4,8,170,14.1%,48,59,20,4,-7,56.0%
Anders Lee,NYI,LW,32,82,16.2,25,19,45,7,4,10,171,14.8%,101,39,42,4,-6,49.5%
Alexander Barabanov,SJS,"LW,RW",28,82,17.0,11,33,45,2,7,9,117,9.6%,59,46,16,2,-3,--
Phil Kessel,ARI,RW,34,82,15.8,14,31,45,4,9,13,155,8.9%,14,21,30,2,-24,--
Jakob Chychrun,ARI,D,24,82,23.7,18,27,45,4,5,9,248,7.2%,91,130,69,3,-12,--
Samuel Girard,COL,D,24,82,22.6,7,38,44,0,12,12,117,5.8%,75,112,26,1,6,--
Reilly Smith,VGK,RW,31,82,17.3,20,24,44,4,3,7,190,10.7%,73,34,15,3,5,--
Dawson Mercer,NJD,"C,RW",20,82,17.5,18,27,44,2,5,7,168,10.5%,27,35,28,3,-23,38.5%
Ivan Barbashev,STL,"C,LW",26,82,15.7,18,26,44,3,4,7,104,17.7%,148,34,30,3,4,44.7%
Dominik Kubalik,DET,"LW,RW",27,82,14.7,23,21,44,4,7,11,185,12.5%,90,27,20,4,-7,--
Josh Bailey,NYI,"LW,RW",32,82,16.1,12,32,44,1,8,9,91,13.8%,25,36,9,2,-5,44.9%
Miro Heiskanen,DAL,D,23,82,25.8,8,36,44,3,11,13,197,4.1%,62,110,23,1,0,--
Robby Fabbri,DET,"LW,RW",26,82,17.4,21,23,44,6,5,11,174,12.1%,118,27,45,3,-30,49.7%
MacKenzie Weegar,CGY,D,28,82,22.9,10,34,44,1,1,2,184,5.3%,167,153,68,2,22,--
James van Riemsdyk,PHI,"LW,RW",33,82,15.3,21,23,44,8,2,10,173,12.3%,40,25,19,3,-12,--
Brendan Gallagher,MTL,RW,30,82,14.8,21,23,44,5,2,8,223,9.2%,80,38,69,3,4,--
Tomas Tatar,NJD,"LW,RW",31,82,14.4,16,27,43,3,5,9,140,11.6%,83,31,25,3,-11,--
Brent Burns,CAR,D,37,82,24.6,9,34,43,3,10,13,193,4.7%,60,135,46,1,-17,--
Mikhail Sergachev,TBL,D,24,82,22.9,8,35,43,2,8,10,161,5.0%,136,132,57,1,7,--
Darnell Nurse,EDM,D,27,82,25.1,13,30,43,0,6,6,224,5.7%,206,160,69,2,12,--
Alex Pietrangelo,VGK,D,32,82,23.9,13,30,43,2,9,11,227,5.6%,63,152,32,2,11,--
Alex Newhook,COL,"C,LW",21,82,14.5,17,26,42,4,4,8,143,11.7%,47,44,14,3,15,37.7%
Sonny Milano,ANA,"LW,RW",26,82,15.2,16,27,42,5,6,11,125,12.4%,33,20,19,2,-8,--
Gustav Nyquist,CBJ,"LW,RW",33,82,17.1,13,30,42,3,5,8,117,11.0%,43,46,23,2,-12,--
Tanner Jeannot,NSH,RW,25,82,16.3,25,18,42,2,1,3,124,19.8%,310,66,133,4,4,--
Noah Dobson,NYI,D,22,82,21.3,9,33,42,1,14,15,182,4.9%,80,149,22,1,1,--
Ilya Mikheyev,VAN,"LW,RW",27,82,15.1,22,20,42,5,1,6,192,11.2%,72,33,24,3,12,--
Boone Jenner,CBJ,C,29,82,19.6,21,21,42,6,1,7,199,10.7%,118,90,27,3,-14,56.5%
Neal Pionk,WPG,D,27,82,21.6,4,38,42,1,14,15,156,2.4%,188,101,39,1,5,--
Nino Niederreiter,NSH,LW,30,82,14.6,22,19,41,4,3,7,149,14.9%,109,22,40,3,21,--
Jamie Benn,DAL,"C,LW",33,82,16.0,16,26,41,4,6,10,171,9.1%,139,57,70,2,-6,56.7%
Ross Colton,TBL,"C,LW",26,82,12.9,23,18,41,1,4,5,166,13.9%,152,37,26,4,5,52.2%
Alex Iafallo,LAK,LW,28,82,18.5,18,23,41,5,4,8,189,9.3%,47,55,9,3,1,--
Jared Spurgeon,MIN,D,32,82,20.6,11,29,40,2,13,15,136,8.4%,58,116,15,2,11,--
Max Domi,CHI,"LW,RW",27,82,13.8,14,26,40,1,4,5,139,9.8%,26,12,66,2,1,49.1%
Jordan Greenway,MIN,LW,25,82,15.1,12,28,40,1,2,2,134,8.7%,173,45,83,2,21,--
Denis Gurianov,DAL,"LW,RW",25,82,14.8,18,21,40,6,5,12,179,10.1%,77,30,21,3,4,--
Dylan Cozens,BUF,C,21,82,16.8,14,26,39,2,5,8,175,7.7%,46,25,45,2,-20,48.6%
Kailer Yamamoto,EDM,RW,23,82,17.4,18,21,39,3,3,6,119,15.0%,105,48,36,3,2,--
Shayne Gostisbehere,ARI,D,29,82,21.3,14,25,39,4,11,15,156,8.9%,51,104,26,2,-10,--
Casey Mittelstadt,BUF,C,23,82,16.4,16,24,39,4,8,13,144,10.8%,33,24,12,2,-20,47.4%
Jeff Skinner,BUF,LW,30,82,16.3,22,17,39,3,3,5,231,9.3%,31,20,34,3,-13,41.9%
Alex Wennberg,SEA,C,27,82,17.6,17,22,39,3,4,7,98,17.3%,46,48,22,3,-14,48.6%
Philip Tomasino,NSH,RW,21,82,12.5,13,26,39,4,8,11,133,10.0%,54,32,12,2,3,54.0%
Jake DeBrusk,BOS,"LW,RW",25,82,15.3,20,19,39,4,2,6,194,10.3%,62,31,13,3,5,--
Ondrej Kase,CAR,RW,26,82,14.3,17,21,39,4,5,9,191,9.1%,40,45,21,3,1,--
Max Comtois,ANA,LW,23,82,15.1,18,21,39,2,4,6,129,13.6%,164,35,70,3,-18,--
Mikael Backlund,CGY,C,33,82,16.5,12,27,39,1,6,7,181,6.4%,62,27,30,2,5,53.6%
Conor Sheary,WSH,"LW,RW",30,82,14.5,19,19,38,2,4,6,136,14.1%,44,41,18,3,-3,--
Calle Jarnkrok,TOR,"C,RW",30,82,15.5,16,22,38,2,7,10,132,12.1%,45,25,11,3,-5,53.2%
Cole Sillinger,CBJ,C,19,82,15.0,19,19,38,0,3,3,176,10.9%,106,50,42,3,-22,49.7%
Jean-Gabriel Pageau,NYI,C,29,82,17.3,20,18,38,6,4,10,127,15.7%,169,67,33,3,-1,58.3%
Jeff Petry,PIT,D,34,82,21.2,9,29,38,1,7,8,147,6.4%,160,117,34,1,-8,--
Kirby Dach,MTL,"C,RW",21,82,18.8,14,24,38,2,5,7,158,8.8%,57,50,47,2,-14,39.8%
Alexander Kerfoot,TOR,"LW,RW",28,82,14.9,12,26,38,0,0,0,102,11.5%,68,61,24,2,8,47.1%
Damon Severson,NJD,D,28,82,23.3,8,30,38,2,9,11,146,5.4%,90,96,50,1,-15,--
Noah Hanifin,CGY,D,25,82,21.7,8,29,37,1,10,10,180,4.6%,68,89,23,1,4,--
Nicolas Roy,VGK,"C,RW",25,82,16.1,15,23,37,2,3,5,140,10.6%,85,39,46,2,14,51.3%
Vince Dunn,SEA,D,25,82,20.4,10,27,37,4,10,13,149,6.9%,76,92,50,2,-7,--
Filip Hronek,DET,D,24,82,22.9,5,32,37,1,9,10,152,3.5%,84,87,37,1,-25,--
Lawson Crouse,ARI,"LW,RW",25,82,17.1,20,18,37,3,4,7,159,12.3%,232,47,64,3,-9,--
Adam Boqvist,CBJ,D,22,82,18.2,11,26,37,3,8,11,111,10.3%,50,77,25,2,-11,--
Jason Zucker,PIT,LW,30,82,14.7,18,20,37,4,3,7,164,10.8%,119,36,33,3,-7,--
Alexandre Texier,CBJ,"LW,RW",23,82,15.5,18,19,37,0,0,0,133,13.5%,42,28,26,3,-7,44.1%
Pius Suter,DET,C,26,82,17.1,17,20,37,1,3,4,169,10.2%,27,45,23,3,-7,51.2%
Scott Laughton,PHI,"C,LW",28,82,16.0,15,22,37,0,1,1,132,11.3%,183,55,46,2,1,54.3%
Filip Chytil,NYR,"C,RW",23,82,14.2,15,22,37,1,2,3,175,8.8%,29,37,19,2,2,45.2%
Evgenii Dadonov,MTL,"LW,RW",33,82,15.2,20,17,37,4,2,6,159,12.3%,60,31,16,3,-2,--
Cam Fowler,ANA,D,30,82,23.2,8,29,37,2,8,10,124,6.2%,40,98,22,1,-8,--
Ivan Provorov,PHI,D,25,82,25.4,11,26,37,2,10,12,183,6.1%,81,171,37,2,-5,--
Paul Stastny,WPG,"C,LW",36,82,16.4,17,20,37,3,4,7,132,13.0%,47,33,24,3,5,57.5%
Rasmus Andersson,CGY,D,25,82,22.5,5,32,37,1,11,11,151,3.2%,64,116,47,1,3,--
Alexis Lafrenière,NYR,"LW,RW",20,82,15.1,21,16,37,0,2,2,125,16.9%,103,25,34,3,0,--
Kaapo Kakko,NYR,RW,21,82,16.5,17,20,37,3,5,8,147,11.4%,21,28,19,3,5,--
Craig Smith,BOS,RW,33,82,13.5,17,20,37,2,3,5,192,8.8%,95,26,28,3,11,--
Sean Monahan,MTL,C,27,82,14.8,14,23,37,6,8,14,149,9.3%,71,29,25,2,-13,53.1%
J.T. Compher,COL,"C,RW",27,82,16.1,19,18,36,3,3,5,112,16.6%,42,67,28,3,11,53.5%
Tanner Pearson,VAN,LW,30,82,15.8,17,20,36,2,3,5,176,9.5%,95,47,32,3,1,37.6%
Oliver Wahlstrom,NYI,RW,22,82,13.0,20,16,36,7,8,14,190,10.4%,113,24,72,3,-1,--
Lars Eller,WSH,C,33,82,15.4,14,22,36,0,4,4,123,11.4%,91,41,45,2,-3,53.0%
Justin Faulk,STL,D,30,82,22.8,12,24,36,1,5,6,177,7.0%,147,112,47,2,14,--
Josh Morrissey,WPG,D,27,82,23.6,8,28,36,3,11,14,171,4.7%,129,108,45,1,0,--
Ryan Donato,SEA,LW,26,82,13.5,16,20,36,2,5,6,174,9.3%,74,24,34,3,-7,--
Frank Vatrano,ANA,"LW,RW",28,82,13.5,20,16,36,1,1,2,189,10.6%,83,33,28,3,3,--
Owen Tippett,PHI,RW,23,82,13.8,16,20,36,4,3,8,182,8.7%,125,18,15,2,-2,47.3%
Peyton Krebs,BUF,"C,LW",21,82,15.5,11,24,36,0,16,16,91,12.4%,37,12,34,2,-34,40.6%
Josh Anderson,MTL,RW,28,82,16.9,23,13,36,1,1,2,182,12.7%,180,42,65,4,-21,--
Ryan Getzlaf,ANA,C,37,82,17.3,5,30,36,3,6,9,128,4.1%,126,79,53,1,-24,53.6%
Gustav Forsling,FLA,D,26,82,21.2,10,25,36,0,0,0,174,5.9%,52,100,18,2,30,--
Jaccob Slavin,CAR,D,28,82,23.4,5,31,35,0,4,5,166,2.8%,51,134,10,1,21,--
Jeff Carter,PIT,C,37,82,16.0,19,16,35,2,2,5,196,9.6%,95,47,38,3,-12,57.7%
Daniel Sprong,SEA,"LW,RW",25,82,13.1,24,11,35,2,0,3,195,12.2%,55,12,15,4,7,--
Eeli Tolvanen,NSH,LW,23,82,14.4,16,19,35,6,9,15,160,10.3%,182,45,16,3,-9,--
Kyle Palmieri,NYI,RW,31,82,15.3,17,18,35,3,4,8,168,10.0%,88,25,53,3,-2,30.2%
Erik Haula,NJD,"C,LW",31,82,14.6,15,20,35,2,2,4,128,11.3%,110,34,39,2,9,55.7%
Trevor Moore,LAK,"LW,RW",27,82,15.3,14,21,35,1,1,3,166,8.4%,73,29,22,2,2,47.6%
Dillon Dube,CGY,"LW,RW",24,82,13.6,17,17,35,3,1,3,143,12.2%,93,19,21,3,0,51.2%
Sean Durzi,LAK,D,23,82,20.1,4,31,34,2,17,19,156,2.3%,93,160,70,1,-13,--
Luke Kunin,SJS,"LW,RW",24,82,14.5,17,17,34,0,3,3,144,11.9%,190,55,79,3,-8,49.0%
Charlie Coyle,BOS,C,30,82,16.7,13,21,34,1,4,5,128,10.1%,83,41,30,2,-3,51.4%
Evan Rodrigues,PIT,"LW,RW",29,82,14.9,18,17,34,6,0,7,202,8.8%,72,29,18,3,-4,48.1%
Patric Hornqvist,FLA,RW,35,82,12.5,15,20,34,5,4,8,198,7.4%,135,37,35,2,-2,--
Jonas Brodin,MIN,D,29,82,22.9,8,26,34,1,4,5,131,6.1%,47,144,26,1,4,--
Nils Hoglander,VAN,"LW,RW",21,82,14.4,17,17,34,2,2,4,190,9.0%,53,25,32,3,-3,--
Jordan Staal,CAR,C,34,82,16.1,14,20,34,2,2,3,129,10.7%,201,37,28,2,5,60.6%
Blake Coleman,CGY,"LW,RW",30,82,14.5,17,16,34,0,0,0,191,9.0%,163,43,56,3,8,--
Dmitry Orlov,WSH,D,31,82,20.3,11,23,34,1,3,3,129,8.2%,122,96,42,2,14,--
Jamie Drysdale,ANA,D,20,82,21.3,4,29,34,0,11,11,157,2.8%,40,79,17,1,-19,--
Barrett Hayton,ARI,C,22,82,16.9,14,19,33,2,3,5,116,12.3%,115,48,27,2,-9,51.8%
Nick Ritchie,ARI,LW,26,82,13.3,17,16,33,3,3,6,140,12.3%,191,29,71,3,-9,--
Kyle Okposo,BUF,RW,34,82,15.1,12,21,33,5,2,7,147,8.4%,70,27,35,2,-15,53.1%
Ty Smith,PIT,D,22,82,19.0,5,28,33,1,7,7,110,4.6%,56,86,34,1,-18,--
Rudolfs Balcers,FLA,"LW,RW",25,82,15.4,16,17,33,0,0,0,134,12.1%,150,60,30,3,-6,--
Filip Zadina,DET,"LW,RW",22,82,15.3,13,20,33,6,6,12,183,7.0%,57,38,8,2,-16,--
Matt Dumba,MIN,D,28,82,22.8,9,24,33,1,5,6,161,5.6%,145,123,61,1,0,--
Mattias Ekholm,NSH,D,32,82,22.7,7,25,33,0,4,3,158,4.7%,71,101,36,1,10,--
Chris Wideman,MTL,D,32,82,14.3,5,28,33,0,14,14,92,5.2%,52,54,68,1,-22,--
Jesperi Kotkaniemi,CAR,"C,LW",22,82,13.6,14,19,32,1,5,6,124,11.1%,102,29,43,2,-2,51.9%
Travis Boyd,ARI,"C,RW",29,82,15.4,16,16,32,2,1,3,79,20.1%,67,55,25,2,-10,46.4%
Marcus Johansson,WSH,"LW,RW",31,82,15.4,11,22,32,3,8,11,109,9.7%,38,29,11,2,-23,41.3%
Artturi Lehkonen,COL,"LW,RW",27,82,15.0,16,16,32,2,1,3,160,9.9%,106,44,20,2,-3,--
Oliver Ekman-Larsson,VAN,D,31,82,21.5,5,27,32,2,10,11,154,3.1%,113,74,48,1,-10,--
Nicholas Paul,TBL,"C,LW",27,82,16.5,16,16,32,2,0,2,164,9.8%,104,58,34,3,-16,54.2%
Teddy Blueger,PIT,C,28,82,15.0,10,22,32,0,0,0,102,9.9%,102,44,21,2,8,55.8%
Joonas Donskoi,SEA,RW,30,82,14.5,12,19,32,2,2,4,101,12.4%,36,39,18,2,-2,--
Jacob Trouba,NYR,D,28,82,22.2,8,24,32,1,3,4,186,4.3%,200,178,67,1,3,--
Ryan Suter,DAL,D,37,82,22.1,5,27,32,1,9,10,108,4.5%,51,90,25,1,-2,--
Mark Giordano,TOR,D,38,82,19.7,7,24,32,1,9,11,161,4.4%,80,143,42,1,-5,--
Jake Bean,CBJ,D,24,82,20.1,6,25,32,1,7,8,124,5.2%,47,79,30,1,-6,--
Andreas Johnsson,NJD,"LW,RW",27,82,14.3,12,20,31,2,0,2,124,9.4%,69,30,29,2,4,--
Arthur Kaliyev,LAK,"LW,RW",21,82,13.6,16,15,31,7,4,11,218,7.3%,33,13,40,3,2,--
Noah Gregor,SJS,"LW,RW",24,82,15.3,11,20,31,0,4,4,207,5.3%,149,64,33,2,-25,--
Brandon Montour,FLA,D,28,82,18.5,9,22,31,0,5,5,150,6.1%,69,76,51,1,4,--
Tyler Ennis,OTT,"LW,RW",32,82,12.1,11,20,31,2,3,6,126,9.0%,95,33,20,2,-10,--
Barclay Goodrow,NYR,"C,LW",29,82,16.1,11,20,31,0,1,1,109,10.1%,143,58,78,2,7,53.6%
Alexandre Carrier,NSH,D,25,82,21.2,3,28,31,1,3,4,100,3.0%,95,148,50,0,21,--
J.J. Moser,ARI,D,22,82,19.6,8,23,31,2,2,4,82,9.9%,61,110,28,1,-17,--
Colton Parayko,STL,D,29,82,22.9,6,25,31,0,0,0,147,3.9%,77,170,27,1,-1,--
Victor Rask,SEA,"C,LW",29,82,12.1,13,18,31,0,2,3,87,15.1%,30,12,6,2,7,48.8%
Nick Bonino,SJS,"C,LW",34,82,15.5,15,16,31,2,2,4,110,13.5%,33,96,25,2,-10,54.8%
Mike Matheson,MTL,D,28,82,18.6,11,20,31,0,1,1,153,7.1%,91,83,39,2,6,--
Warren Foegele,EDM,LW,26,82,13.2,14,17,31,2,1,3,145,9.6%,110,16,29,2,-3,--
Pierre Engvall,TOR,"LW,RW",26,82,13.2,15,16,31,1,2,3,150,10.0%,67,18,28,2,7,46.8%
Nick Leddy,STL,D,31,82,20.8,3,28,31,0,7,7,86,3.0%,47,77,20,0,-14,--
Oskar Sundqvist,DET,"C,RW",28,82,14.0,13,18,31,0,0,0,100,12.8%,95,44,41,2,7,47.8%
Danton Heinen,PIT,"LW,RW",27,82,13.1,15,16,31,3,1,3,136,11.1%,62,41,13,2,0,--
Alex Formenton,OTT,LW,23,82,16.1,16,15,31,0,0,0,169,9.4%,106,28,63,2,-19,--
Vasily Podkolzin,VAN,"LW,RW",21,82,13.7,16,14,31,3,1,4,130,12.5%,88,35,29,3,9,--
Jonathan Dahlen,SJS,"LW,RW",24,82,14.0,17,14,30,4,5,10,144,11.4%,21,47,17,3,-26,--
Brett Pesce,CAR,D,27,82,21.8,7,24,30,1,2,3,154,4.3%,41,123,39,1,5,--
Dustin Brown,LAK,RW,37,82,14.2,13,17,30,4,2,5,166,7.9%,118,21,22,2,-5,--
Johan Larsson,WSH,"C,LW",30,82,15.1,12,17,30,2,1,4,80,15.6%,122,49,41,2,-9,49.8%
Timothy Liljegren,TOR,D,23,82,17.1,6,24,30,0,0,0,110,5.1%,117,86,18,1,14,--
Jake Evans,MTL,"C,RW",26,82,15.2,11,19,30,0,0,0,126,8.6%,108,46,32,2,-4,54.0%
Vinnie Hinostroza,BUF,"LW,RW",28,82,13.7,12,18,30,0,0,0,127,9.5%,37,21,29,2,-12,--
Ryan Pulock,NYI,D,27,82,21.4,6,24,30,2,4,5,175,3.4%,122,180,10,1,5,--
Alexander Radulov,DAL,RW,36,82,13.4,7,23,30,3,9,12,106,6.6%,53,53,40,1,-15,--
Alex Galchenyuk,ARI,"C,LW",28,82,12.9,10,20,29,1,1,2,124,7.9%,88,30,39,2,-12,52.8%
Kevin Shattenkirk,ANA,D,33,82,20.4,6,24,29,1,8,9,142,3.9%,70,112,41,1,-4,--
Nate Schmidt,WPG,D,31,82,19.7,6,24,29,0,5,6,120,4.7%,35,111,12,1,-7,--
Jake Muzzin,TOR,D,33,82,20.1,5,24,29,0,0,0,127,3.8%,165,126,42,1,3,--
Matt Grzelcyk,BOS,D,28,82,18.7,6,23,29,0,6,6,144,4.2%,44,88,37,1,18,--
Jakob Silfverberg,ANA,RW,31,82,16.4,11,18,29,2,3,5,156,7.3%,30,56,32,2,-14,--
Ryan Graves,NJD,D,27,82,20.4,6,23,29,0,0,0,141,4.5%,102,159,56,1,10,--
Travis Sanheim,PHI,D,26,82,22.9,7,22,29,0,1,1,137,5.2%,64,136,38,1,-7,--
Maxim Mamin,UFA,C,27,82,11.9,14,14,29,0,0,0,99,14.4%,115,35,27,2,15,--
Kieffer Bellows,NYI,"LW,RW",24,82,12.3,11,17,29,0,0,0,141,8.1%,182,26,36,2,0,--
Alex Goligoski,MIN,D,37,82,18.6,3,26,28,0,6,6,86,3.1%,72,114,30,0,14,--
Oliver Kylington,CGY,D,25,82,18.2,9,20,28,1,2,3,142,6.2%,49,88,24,1,16,--
Michael Rasmussen,DET,"C,LW",23,82,15.3,13,16,28,0,2,2,135,9.4%,145,69,62,2,-16,52.6%
Rasmus Sandin,TOR,D,22,82,17.9,9,20,28,0,5,5,81,10.8%,137,64,6,1,12,--
Mathieu Joseph,OTT,"LW,RW",25,82,14.0,15,13,28,0,0,0,97,15.6%,120,29,30,2,5,--
Hampus Lindholm,BOS,D,28,82,22.5,5,24,28,1,4,5,158,2.9%,71,108,52,1,-5,--
Janne Kuokkanen,NJD,"LW,RW",24,82,14.3,9,19,28,0,0,0,90,9.8%,40,33,17,1,-15,--
Rasmus Asplund,BUF,"LW,RW",24,82,14.6,8,20,28,2,2,4,135,5.8%,30,16,10,1,-6,49.5%
Keegan Kolesar,VGK,"C,RW",25,82,12.6,7,21,28,1,0,1,101,7.2%,243,45,72,1,-7,44.8%
Philipp Kurashev,CHI,"LW,RW",22,82,13.6,11,17,28,3,5,7,113,9.4%,40,36,16,2,-15,46.0%
Adam Gaudette,TOR,"LW,RW",25,82,11.6,10,17,28,2,5,7,128,8.1%,77,26,31,2,-13,44.7%
Jesper Fast,CAR,RW,30,82,14.6,10,17,28,0,0,0,80,12.9%,113,42,13,2,11,--
Oskar Lindblom,SJS,LW,26,82,13.8,14,13,28,1,1,2,121,11.9%,79,46,22,2,-13,--
Justin Schultz,SEA,D,32,82,16.9,4,24,28,0,7,8,105,3.5%,45,92,16,1,-4,--
Corey Perry,TBL,RW,37,82,12.4,11,16,28,2,4,6,110,10.3%,76,31,69,2,0,--
Zach Parise,NYI,"LW,RW",38,82,13.9,12,16,28,2,3,5,124,9.6%,52,50,19,2,-4,37.8%
Brady Skjei,CAR,D,28,82,21.0,8,20,28,0,0,0,175,4.5%,97,91,49,1,3,--
Zack Kassian,ARI,RW,31,82,11.8,9,19,28,0,0,0,80,10.9%,203,10,70,1,0,--
Derick Brassard,EDM,"C,LW",34,82,12.3,10,18,27,2,3,5,94,10.4%,132,15,24,2,0,52.0%
Vladislav Namestnikov,TBL,"C,LW",29,82,14.4,14,13,27,0,1,1,101,13.9%,82,49,46,2,-5,45.4%
Zach Sanford,NSH,"LW,RW",27,82,14.2,14,13,27,3,1,4,109,13.2%,150,64,44,2,-10,--
Emil Bemstrom,CBJ,"LW,RW",23,82,11.5,14,13,27,3,2,5,139,10.2%,73,16,10,2,-4,--
Jason Spezza,UFA,LW,39,82,9.2,10,17,27,2,5,7,92,11.3%,35,22,20,2,-3,53.3%
Mason Appleton,WPG,RW,26,82,14.7,13,14,27,0,0,0,123,10.3%,71,28,29,2,-2,--
Erik Gustafsson,WSH,D,33,82,15.7,4,23,27,0,8,8,98,4.0%,63,72,24,1,-4,--
Ryan McLeod,EDM,"C,LW",22,82,13.4,11,15,27,3,4,7,100,11.4%,32,30,15,2,-1,51.4%
Eric Robinson,CBJ,LW,27,82,13.5,11,15,27,0,0,0,118,9.6%,117,27,18,2,3,--
Derek Grant,ANA,"LW,RW",32,82,13.6,13,13,27,1,0,1,113,11.6%,82,56,37,2,-15,54.8%
Ryan Poehling,PIT,C,23,82,12.8,14,12,26,3,0,3,135,10.3%,57,42,10,2,-21,47.9%
Nick Cousins,FLA,LW,29,82,12.5,9,17,26,2,3,5,115,8.2%,79,32,43,1,-4,--
Zemgus Girgensons,BUF,"C,LW",28,82,14.6,16,11,26,4,1,5,121,12.8%,115,34,32,2,-8,53.1%
Morgan Geekie,SEA,C,24,82,12.6,9,17,26,3,3,5,105,8.3%,62,22,22,1,-10,53.6%
John Marino,NJD,D,25,82,21.1,4,23,26,1,3,4,92,3.9%,80,97,23,1,5,--
Brock McGinn,PIT,"LW,RW",28,82,14.7,14,12,26,0,0,0,117,11.7%,108,48,19,2,-4,--
Vinni Lettieri,BOS,RW,27,82,12.6,13,13,26,5,8,13,131,9.9%,101,46,16,2,-18,--
Carson Soucy,SEA,D,28,82,17.0,7,18,26,0,2,1,108,7.0%,131,93,60,1,14,--
Colin Blackwell,CHI,"C,RW",29,82,12.0,13,13,26,0,0,0,89,14.2%,112,33,11,2,-5,53.0%
Alexander Edler,LAK,D,36,82,17.9,4,22,26,0,0,0,112,3.3%,110,152,74,1,4,--
Parker Kelly,OTT,"LW,RW",23,82,11.2,15,11,26,0,0,0,99,14.9%,257,63,94,2,-8,--
Vladislav Gavrikov,CBJ,D,26,82,21.7,5,21,26,0,0,0,98,4.9%,117,139,43,1,-11,--
Mike Reilly,BOS,D,29,82,18.6,2,24,26,0,4,4,149,1.1%,100,70,40,0,-4,--
Aliaksei Protas,WSH,"C,LW",21,82,12.8,9,17,26,0,3,3,94,9.0%,51,32,1,1,12,48.2%
Nicolas Hague,VGK,D,23,82,18.8,6,19,25,0,0,0,155,4.0%,105,123,62,1,8,--
Chris Tierney,FLA,"C,LW",28,82,13.1,8,18,25,2,2,4,79,9.6%,45,35,16,1,-13,50.9%
Sam Steel,ANA,"C,LW",24,82,13.6,9,16,25,0,3,4,90,10.3%,48,33,21,1,-15,52.1%
Mattias Janmark,EDM,"LW,RW",29,82,14.4,9,17,25,1,2,3,102,8.3%,27,34,22,1,-6,--
Tyson Jost,MIN,"C,LW",24,82,13.6,10,15,25,0,1,1,120,8.4%,60,33,32,2,8,45.7%
Artem Zub,OTT,D,26,82,20.6,6,19,25,0,0,0,85,7.3%,150,130,56,1,0,--
Keith Yandle,PHI,D,36,82,13.8,1,24,25,0,13,13,109,1.3%,29,40,27,0,-18,--
Yakov Trenin,NSH,LW,25,82,14.7,15,10,25,0,0,0,136,11.2%,186,38,48,2,7,--
Justin Holl,TOR,D,30,82,19.9,3,23,25,0,0,0,81,3.1%,136,122,48,0,8,--
Isac Lundestrom,ANA,C,22,82,16.2,14,11,25,0,0,0,96,14.5%,37,52,15,2,-8,49.7%
Morgan Frost,PHI,"C,LW",23,82,14.5,8,17,25,1,1,3,132,5.8%,63,43,22,1,-11,50.1%
Taylor Raddysh,CHI,"LW,RW",24,82,12.8,12,13,25,4,1,5,120,10.0%,112,24,12,2,1,--
Henri Jokiharju,BUF,D,23,82,22.0,5,20,25,0,5,5,118,4.1%,97,95,26,1,-12,--
William Carrier,VGK,LW,27,82,11.2,10,14,25,0,0,0,135,7.6%,202,24,42,2,5,--
Blake Lizotte,LAK,C,24,82,12.8,8,17,25,0,0,0,95,8.4%,75,24,32,1,5,54.5%
Nicolas Aube-Kubel,TOR,"LW,RW",26,82,10.4,10,15,24,0,0,0,95,10.2%,159,25,55,2,7,--
Connor McMichael,WSH,"C,LW",21,82,11.4,12,12,24,0,0,0,138,8.7%,56,28,14,2,-4,45.3%
Sean Kuraly,CBJ,C,29,82,15.1,11,14,24,0,0,0,124,8.5%,215,48,52,2,-7,54.3%
Rasmus Ristolainen,PHI,D,27,82,21.6,4,20,24,0,3,3,121,3.4%,269,140,55,1,-15,--
Laurent Dauphin,ARI,"C,LW",27,82,13.3,7,17,24,0,0,0,102,6.7%,64,59,55,1,-23,44.7%
Colton Sissons,NSH,C,28,82,15.5,10,14,24,1,2,3,83,11.5%,161,50,30,1,-1,60.2%
Sam Gagner,DET,RW,33,82,13.1,10,14,24,1,1,1,122,8.4%,24,26,26,2,-9,50.9%
Jesper Boqvist,NJD,C,23,82,13.4,13,11,24,0,0,0,111,11.8%,53,30,18,2,-13,38.9%
Zach Whitecloud,VGK,D,25,82,18.9,7,17,24,0,0,0,119,6.0%,132,154,35,1,14,--
Kale Clague,BUF,D,24,82,17.2,5,19,24,0,7,7,63,7.7%,32,51,48,1,-17,--
Nico Sturm,SJS,"C,LW",27,82,11.8,13,11,24,0,0,0,107,12.2%,98,38,19,2,-2,56.8%
Garnet Hathaway,WSH,RW,30,82,12.5,12,12,24,0,0,0,107,11.0%,247,60,79,2,12,--
Cody Ceci,EDM,D,28,82,20.3,5,19,24,0,0,0,96,5.1%,117,123,19,1,8,--
Alex Chiasson,VAN,RW,31,82,11.3,13,11,24,6,4,10,104,12.3%,75,19,40,2,-1,--
Gerry Mayhew,FLA,"LW,RW",29,82,12.9,22,2,24,2,0,2,104,20.8%,112,52,37,3,-13,--
Ryan Lindgren,NYR,D,24,82,20.6,3,20,23,0,0,0,90,3.5%,140,134,59,0,17,--
Dante Fabbro,NSH,D,24,82,19.9,3,20,23,0,0,0,118,2.9%,81,132,43,1,2,--
Michael Amadio,VGK,"C,RW",26,82,12.4,13,10,23,0,0,0,95,13.9%,52,25,18,2,-4,48.9%
Nic Dowd,WSH,C,32,82,13.4,11,12,23,0,0,0,92,12.3%,167,59,50,2,7,57.7%
Jacob Peterson,DAL,"C,LW",23,82,11.7,16,7,23,0,2,2,114,14.1%,27,30,16,3,-1,55.0%
Erik Cernak,TBL,D,25,82,19.8,5,18,23,0,0,0,144,3.3%,225,112,68,1,9,--
Pat Maroon,TBL,LW,34,82,11.4,7,16,23,2,2,4,82,8.8%,137,13,109,1,10,--
Michael McLeod,NJD,C,24,82,14.0,10,13,23,0,0,0,86,12.0%,147,38,58,2,-15,60.5%
Anton Blidh,COL,"LW,RW",27,82,10.7,5,18,23,0,0,0,71,7.1%,200,39,62,1,-8,--
Scott Reedy,SJS,"C,RW",23,82,11.8,18,5,23,8,0,8,84,21.0%,32,62,22,3,-14,42.2%
Justin Danforth,CBJ,"C,RW",29,82,12.4,18,5,23,0,0,0,121,14.7%,146,35,19,3,-9,55.2%
Adam Lowry,WPG,C,29,82,15.2,10,12,23,0,2,2,111,9.4%,228,45,48,2,-5,57.1%
Tomas Nosek,BOS,C,30,82,12.8,9,14,23,0,0,0,100,9.0%,95,42,29,1,-6,57.0%
Joel Armia,MTL,"LW,RW",29,82,13.9,10,13,23,1,2,3,144,7.0%,147,34,22,2,-8,--
Colin Miller,DAL,D,29,82,18.3,4,18,23,0,5,5,105,4.2%,110,88,44,1,-18,--
Logan O'Connor,COL,"LW,RW",26,82,14.0,8,14,22,0,0,0,122,6.7%,96,64,38,1,6,--
Sam Carrick,ANA,"C,RW",30,82,11.1,12,10,22,0,0,0,94,13.2%,146,27,96,2,-16,51.4%
Brett Howden,VGK,"C,LW",24,82,11.7,10,13,22,0,0,0,70,13.7%,100,59,20,1,2,51.1%
Nathan Bastian,NJD,RW,24,82,12.2,12,11,22,3,1,4,110,10.6%,231,44,66,2,-6,--
Derek Stepan,CAR,"C,RW",32,82,11.0,10,12,22,0,0,0,122,8.5%,41,40,18,2,-3,56.4%
Logan Brown,STL,"C,RW",24,82,10.6,9,13,22,0,0,0,68,13.0%,43,28,18,1,-6,41.5%
Erik Brannstrom,OTT,D,23,82,20.3,1,21,22,1,8,9,146,0.8%,57,99,48,0,-22,--
Esa Lindell,DAL,D,28,82,22.2,4,18,22,0,2,2,134,3.1%,120,161,20,1,2,--
Christopher Tanev,CGY,D,32,82,19.8,4,18,22,0,0,0,77,5.3%,48,160,26,1,14,--
Evgeny Svechnikov,WPG,"LW,RW",25,82,10.9,8,14,22,0,0,0,89,9.0%,113,26,44,1,-4,--
Mario Ferraro,SJS,D,23,82,23.0,3,19,22,0,2,2,80,3.1%,187,175,34,0,-12,--
Matt Roy,LAK,D,27,82,20.6,4,18,22,0,2,2,160,2.3%,143,131,22,1,10,--
Ryan Dzingel,CAR,"C,RW",30,82,13.2,10,11,22,0,0,0,73,14.4%,57,26,66,2,-9,43.2%
Eetu Luostarinen,FLA,C,24,82,13.9,8,14,22,0,0,0,82,9.3%,104,50,17,1,-8,47.4%
Ryan McDonagh,NSH,D,33,82,21.4,4,17,22,0,0,0,98,4.4%,98,161,25,1,9,--
Brian Dumoulin,PIT,D,31,82,21.5,5,17,22,0,0,0,94,5.3%,93,141,25,1,17,--
Brad Hunt,COL,D,34,82,14.5,6,16,22,0,4,4,109,5.2%,32,71,16,1,-7,--
Carl Hagelin,WSH,LW,34,82,13.5,6,16,22,0,0,0,109,5.4%,45,23,28,1,7,--
Ben Chiarot,DET,D,31,82,22.1,7,15,22,1,1,2,149,4.6%,163,142,72,1,-19,--
Adam Pelech,NYI,D,28,82,21.1,3,18,21,0,0,0,111,3.1%,109,140,38,1,9,--
Yegor Chinakhov,CBJ,"LW,RW",21,82,13.4,11,11,21,2,0,2,143,7.4%,67,23,23,2,-34,--
Quinton Byfield,LAK,C,20,82,13.3,12,10,21,0,0,0,85,13.7%,43,25,45,2,-12,47.2%
Braden Schneider,NYR,D,20,82,16.7,4,17,21,0,0,0,53,7.9%,111,102,19,1,7,--
K'Andre Miller,NYR,D,22,82,21.8,8,13,21,1,1,1,109,7.4%,150,110,29,1,15,--
Erik Johnson,COL,D,34,82,16.7,6,15,21,0,0,0,126,4.9%,153,141,25,1,9,--
Mattias Samuelsson,BUF,D,22,82,20.9,0,21,21,0,0,0,92,0.0%,193,125,31,0,-18,--
P.K. Subban,NJD,D,33,82,18.4,5,16,21,0,1,1,128,4.2%,72,92,70,1,-16,--
David Kampf,TOR,C,27,82,15.1,7,14,21,0,0,0,97,7.5%,74,27,19,1,0,57.6%
Nick Bjugstad,ARI,"C,RW",30,82,10.1,9,12,21,0,0,0,115,7.8%,122,26,29,1,0,51.8%
Anton Stralman,ARI,D,36,82,19.7,7,14,21,0,0,0,89,8.1%,94,97,18,1,-12,--
Matt Nieto,SJS,"LW,RW",29,82,13.9,7,14,21,0,0,0,86,8.2%,95,49,19,1,-15,--
TJ Brodie,TOR,D,32,82,20.6,3,18,21,0,0,0,64,4.8%,47,114,32,0,12,--
Sam Lafferty,CHI,"C,RW",27,82,12.8,7,14,21,0,0,0,104,6.4%,194,38,52,1,-14,48.2%
Adam Erne,DET,"LW,RW",27,82,13.4,9,11,21,1,1,2,112,8.4%,163,40,41,1,-18,56.1%
Jordan Martinook,CAR,"LW,RW",30,82,11.1,7,14,21,0,0,0,97,6.8%,119,25,33,1,-4,50.2%
Tyler Motte,NYR,"LW,RW",27,82,14.0,10,11,21,0,0,0,120,8.0%,180,85,27,2,-6,--
Joe Veleno,DET,"C,LW",22,82,14.0,11,10,21,0,0,0,91,11.9%,151,31,29,2,-17,50.6%
Jake McCabe,CHI,D,28,82,20.0,4,17,20,0,0,0,87,4.5%,161,168,43,1,-22,--
Brian Boyle,PIT,"C,LW",37,82,9.8,9,11,20,0,0,0,87,10.4%,108,51,30,1,-1,50.6%
Marcus Pettersson,PIT,D,26,82,16.4,3,18,20,0,0,0,89,3.2%,122,82,41,0,8,--
Will Butcher,DAL,D,27,82,16.6,5,16,20,0,0,0,74,6.5%,28,80,5,1,-16,--
Ethan Bear,CAR,D,25,82,17.4,6,14,20,0,1,2,127,4.8%,73,80,30,1,-2,--
Rasmus Kupari,LAK,"C,RW",22,82,12.6,7,13,20,2,4,5,80,8.9%,97,26,26,1,-7,48.7%
Gabriel Carlsson,WSH,D,25,82,12.6,5,16,20,0,0,0,41,11.0%,52,61,23,1,10,--
Connor Murphy,CHI,D,29,82,21.6,5,15,20,0,0,0,116,4.4%,174,214,58,1,-9,--
Brenden Dillon,WPG,D,31,82,18.4,3,18,20,0,0,0,76,3.5%,203,103,76,0,6,--
Milan Lucic,CGY,LW,34,82,11.7,8,12,20,2,1,3,84,10.1%,194,22,67,1,-9,--
Carl Grundstrom,LAK,LW,24,82,11.5,13,8,20,0,0,0,123,10.2%,190,33,35,2,0,--
Derek Ryan,EDM,"C,RW",35,82,10.8,6,14,20,0,0,0,67,9.5%,35,39,13,1,-2,58.9%
Curtis Lazar,VAN,"C,RW",27,82,12.2,11,9,20,0,0,0,90,12.0%,188,52,17,2,-6,53.7%
Scott Mayfield,NYI,D,29,82,19.4,4,16,20,0,0,0,109,3.6%,99,149,56,1,-5,--
Brendan Lemieux,LAK,LW,26,82,11.1,9,11,20,0,0,0,100,9.2%,190,41,142,1,-3,--
Klim Kostin,STL,"LW,RW",23,82,9.5,9,11,20,0,0,0,68,13.0%,183,19,50,1,-6,--
Trent Frederic,BOS,"C,LW",24,82,12.1,11,9,20,0,0,0,122,8.6%,151,32,95,2,5,47.2%
Ian Cole,TBL,D,33,82,16.4,2,17,20,0,0,0,74,3.1%,100,126,65,0,14,--
Michael McCarron,NSH,C,27,82,10.4,10,10,19,0,0,0,80,12.2%,178,51,111,2,12,57.7%
Zach Aston-Reese,ANA,"LW,RW",28,82,13.3,9,11,19,0,0,0,107,8.2%,232,47,32,1,9,--
Austin Watson,OTT,RW,30,82,11.6,9,10,19,0,0,0,90,9.9%,234,86,101,1,-12,--
Travis Hamonic,OTT,D,32,82,18.6,6,13,19,0,0,0,149,4.3%,115,173,48,1,-6,--
Jasper Weatherby,SJS,C,24,82,11.6,9,10,19,2,2,4,78,11.2%,83,41,31,1,-19,51.8%
Lucas Carlsson,FLA,D,25,82,13.1,6,13,19,0,0,0,83,7.6%,77,62,22,1,4,--
Ryan Lomberg,FLA,LW,28,82,11.1,10,9,19,0,0,0,131,7.8%,175,16,147,2,0,--
Tyler Myers,VAN,D,32,82,21.2,4,15,19,0,1,1,133,2.7%,126,135,68,1,-6,--
Karson Kuhlman,SEA,"LW,RW",26,82,11.8,6,13,19,0,0,0,123,4.8%,126,38,12,1,-4,--
Duncan Keith,EDM,D,39,82,18.9,2,17,19,0,3,3,103,2.0%,37,135,34,0,-5,--
Jason Dickinson,VAN,"C,LW",27,82,13.8,9,10,19,0,0,0,91,9.6%,123,64,23,1,0,47.1%
Brandon Carlo,BOS,D,25,82,20.0,5,14,19,0,0,0,130,4.0%,144,117,34,1,4,--
Niko Mikkola,STL,D,26,82,17.2,3,16,19,0,0,0,90,3.5%,157,124,86,0,-12,--
Michael Pezzetta,MTL,LW,24,82,8.2,9,10,19,0,0,0,83,10.3%,247,14,133,1,-9,--
Will Borgen,SEA,D,25,82,15.4,5,14,19,0,0,0,112,4.2%,194,79,65,1,-1,--
Nick Jensen,WSH,D,31,82,18.4,3,15,19,0,0,0,88,3.9%,115,99,23,1,9,--
Dylan Coghlan,CAR,D,24,82,14.7,4,15,19,3,3,5,156,2.6%,84,86,27,1,-6,--
MacKenzie Entwistle,CHI,"C,RW",23,82,10.8,7,11,18,0,0,0,52,13.8%,191,35,36,1,-25,--
Dryden Hunt,NYR,"LW,RW",26,82,12.3,6,12,18,0,0,0,101,6.4%,155,19,53,1,-10,--
Brandon Duhaime,MIN,"LW,RW",25,82,10.5,6,12,18,0,0,0,94,6.8%,198,20,126,1,-3,--
Anders Bjork,BUF,LW,26,82,12.6,9,9,18,0,0,0,73,12.3%,32,24,18,1,-15,--
Nikita Zadorov,CGY,D,27,82,17.5,4,14,18,0,0,0,103,3.6%,204,74,74,1,3,--
Cam Dineen,ARI,D,24,82,16.1,0,18,18,0,0,0,130,0.0%,52,112,11,0,-32,--
Gustav Lindstrom,DET,D,23,82,16.6,1,16,18,0,0,0,56,2.4%,75,106,30,0,-13,--
Kris Russell,EDM,D,35,82,15.2,2,16,18,0,0,0,78,2.9%,84,161,16,0,2,--
Adam Larsson,SEA,D,29,82,21.2,6,11,18,0,0,0,103,6.3%,181,157,48,1,-11,--
Michael Raffl,DAL,LW,33,82,13.4,7,11,18,0,0,0,83,8.2%,135,44,28,1,-18,--
Radek Faksa,DAL,C,28,82,15.9,6,12,18,0,0,0,104,5.5%,128,69,51,1,-19,57.9%
Nick Foligno,BOS,"LW,RW",34,82,12.7,5,13,18,0,1,1,110,4.1%,197,40,67,1,-12,--
Matthew Highmore,STL,"LW,RW",26,82,12.5,7,11,18,0,0,0,93,7.2%,76,54,22,1,-1,--
Caleb Jones,CHI,D,25,82,16.5,5,12,18,0,0,0,81,6.5%,101,95,25,1,-9,--
Riley Stillman,CHI,D,24,82,16.1,2,15,17,0,0,0,85,2.9%,179,117,50,0,-8,--
Justin Braun,PHI,D,35,82,18.3,4,13,17,0,0,0,83,5.2%,103,128,35,1,-6,--
Tyler Bozak,STL,C,36,82,11.6,4,13,17,0,0,0,66,6.3%,37,38,19,1,-18,51.3%
Jimmy Vesey,NJD,"LW,RW",29,82,13.9,9,9,17,0,0,0,111,7.7%,84,34,16,1,-19,33.6%
Radko Gudas,FLA,D,32,82,17.3,2,15,17,0,0,0,108,2.2%,325,117,81,0,10,--
Martin Fehervary,WSH,D,22,82,20.4,8,10,17,0,0,0,105,7.3%,253,128,27,1,11,--
Brett Kulak,EDM,D,28,82,17.4,4,13,17,0,0,0,109,3.8%,98,81,38,1,-3,--
Nick Holden,OTT,D,35,82,19.0,5,12,17,0,0,0,83,6.4%,123,121,17,1,-7,--
Danny DeKeyser,DET,D,32,82,17.8,3,14,17,0,0,0,73,4.0%,65,141,34,0,-6,--
Jan Rutta,PIT,D,32,82,15.7,2,15,17,0,0,0,96,2.0%,83,72,49,0,15,--
Christian Fischer,ARI,"C,RW",25,82,13.2,8,9,17,1,0,1,116,7.2%,164,37,20,1,-14,36.7%
Casey Cizikas,NYI,C,31,82,13.4,11,6,17,0,0,0,92,11.6%,155,49,52,2,-2,58.8%
Jamie Oleksiak,SEA,D,29,82,19.0,4,13,17,0,0,0,106,3.7%,199,103,56,1,-6,--
Joe Thornton,FLA,"C,LW",43,82,10.0,5,12,17,2,1,4,51,9.4%,44,19,22,1,-13,41.7%
Jonas Siegenthaler,NJD,D,25,82,20.6,2,14,16,0,0,0,103,2.0%,104,143,61,0,-2,--
Dominik Simon,ANA,"LW,RW",28,82,10.7,5,12,16,0,0,0,95,4.7%,76,39,33,1,-3,--
Nikita Zaitsev,OTT,D,30,82,19.5,3,13,16,0,0,0,85,3.7%,155,145,33,0,-17,--
Devin Shore,EDM,"C,LW",28,82,9.8,8,9,16,0,0,0,60,12.6%,111,39,15,1,-9,51.6%
Patrick Brown,PHI,C,30,82,12.2,7,9,16,0,0,0,87,8.3%,175,67,21,1,-29,62.2%
Riley Sheahan,BUF,"C,LW",30,82,11.8,5,11,16,0,0,0,70,7.3%,23,32,6,1,-7,53.0%
Kevin Rooney,CGY,"C,LW",29,82,13.2,8,8,16,0,0,0,90,8.9%,118,61,38,1,0,49.8%
Josh Mahura,ANA,D,24,82,14.6,7,9,16,0,0,0,82,8.3%,125,115,23,1,-27,--
Trevor van Riemsdyk,WSH,D,31,82,16.8,1,15,16,0,0,0,87,1.4%,29,134,37,0,-9,--
Steven Lorentz,SJS,"LW,RW",26,82,11.0,7,9,16,0,0,0,90,8.0%,78,20,12,1,0,50.4%
Jacob Middleton,MIN,D,26,82,18.9,5,11,16,0,0,0,89,5.8%,140,158,104,1,7,--
Andrew Peeke,CBJ,D,24,82,22.0,2,14,16,0,0,0,75,2.8%,186,176,61,0,-15,--
Jacob Bryson,BUF,D,24,82,19.0,2,14,16,1,6,7,53,3.3%,62,88,19,0,-7,--
Pierre-Edouard Bellemare,TBL,C,37,82,12.4,9,7,16,0,0,0,73,12.0%,73,51,21,1,8,58.1%
Mark Pysyk,DET,"RW,D",30,82,16.1,7,9,16,0,0,0,99,6.7%,55,82,38,1,2,--
Josh Manson,COL,D,30,82,18.8,6,10,16,0,0,0,106,5.3%,199,97,66,1,-16,--
Loui Eriksson,ARI,"LW,RW",37,82,11.8,3,12,16,0,0,0,78,4.5%,22,25,12,1,-18,--
Dean Kukan,CBJ,D,29,82,15.7,4,12,16,0,0,0,79,4.9%,76,79,30,1,-10,--
Dmitry Kulikov,MIN,D,31,82,17.9,4,11,15,0,0,0,74,5.4%,109,104,43,1,2,--
Marc Staal,FLA,D,35,82,16.7,3,12,15,0,0,0,74,4.7%,98,85,29,1,-5,--
Ben Hutton,VGK,D,29,82,16.1,3,12,15,0,0,0,112,3.1%,68,98,32,1,-6,--
Brayden McNabb,VGK,D,31,82,19.3,3,12,15,0,0,0,89,3.7%,178,187,42,1,4,--
Gavin Bayreuther,CBJ,D,28,82,13.1,0,15,15,0,0,0,84,0.0%,88,82,39,0,-4,--
Andrew Ladd,ARI,"LW,RW",36,82,13.1,9,6,15,4,1,5,80,11.2%,103,51,73,1,-29,--
Derek Forbort,BOS,D,30,82,18.3,4,11,15,0,0,0,73,5.1%,129,123,50,1,-4,--
Dysin Mayo,ARI,D,26,82,21.1,5,10,15,0,0,0,93,5.3%,151,168,34,1,-25,--
Jordie Benn,TOR,D,35,82,14.2,1,14,15,0,0,0,75,1.0%,87,90,24,0,-2,--
Brett Leason,WSH,RW,23,82,9.6,7,7,15,0,0,0,109,6.8%,36,33,10,1,2,--
Tyler Pitlick,MTL,RW,30,82,11.2,6,9,15,0,0,0,75,7.5%,139,51,17,1,-12,--
Jake Walman,DET,D,26,82,14.2,5,10,15,0,0,0,136,3.6%,73,97,17,1,-5,--
Joel Hanley,DAL,D,31,82,11.9,3,12,15,0,0,0,41,6.3%,98,72,7,0,-9,--
Jaycob Megna,SJS,D,29,82,18.8,4,11,15,0,0,0,73,5.0%,124,172,31,1,-5,--
Ross Johnston,NYI,"LW,RW",28,82,9.9,6,8,15,0,0,0,28,22.9%,222,42,149,1,-5,--
Jordan Oesterle,DET,D,30,82,17.7,2,12,15,0,0,0,96,2.4%,55,103,15,0,-15,--
Robert Hagg,DET,D,27,82,16.1,3,11,14,0,0,0,73,4.0%,185,123,46,0,-4,--
Mikey Anderson,LAK,D,23,82,21.2,2,12,14,0,0,0,89,2.7%,175,112,29,0,3,--
Jansen Harkins,WPG,"LW,RW",25,82,9.7,8,7,14,0,0,0,73,10.5%,53,20,15,1,-8,--
Luke Schenn,VAN,D,32,82,15.4,5,9,14,0,0,0,97,5.1%,286,88,105,1,6,--
Logan Stanley,WPG,D,24,82,15.8,2,13,14,0,0,0,127,1.4%,173,133,62,0,9,--
Buddy Robinson,CHI,RW,30,82,8.9,2,12,14,0,0,0,89,2.4%,131,28,48,0,4,--
Tobias Bjornfot,LAK,D,21,82,18.2,1,13,14,0,0,0,75,1.2%,72,83,23,0,-9,--
Jon Merrill,MIN,D,30,82,17.1,3,11,14,0,0,0,65,4.3%,57,126,33,0,2,--
Ryan Merkley,SJS,D,22,82,16.2,2,12,14,0,5,5,82,2.7%,26,48,19,0,-14,--
Casey Fitzgerald,BUF,D,25,82,17.1,0,14,14,0,0,0,97,0.0%,187,85,84,0,-36,--
Reese Johnson,CHI,"C,RW",24,82,11.1,3,12,14,0,0,0,55,4.6%,306,32,37,0,-28,54.3%
Marco Scandella,STL,D,32,82,17.9,4,10,14,0,0,0,85,4.7%,111,85,28,1,10,--
Luke Glendening,DAL,"C,RW",33,82,13.7,8,6,14,0,0,0,92,8.3%,158,71,19,1,-20,63.4%
Haydn Fleury,TBL,D,26,82,16.2,6,8,14,0,0,0,121,4.6%,123,128,23,1,-8,--
Dylan Gambrell,OTT,"C,RW",26,82,12.9,6,8,14,0,0,0,70,8.1%,118,60,19,1,-8,51.4%
Victor Mete,TOR,D,24,82,15.4,1,13,14,0,0,0,68,1.8%,29,88,17,0,-22,--
Nicolas Deslauriers,PHI,LW,31,82,10.8,8,6,14,0,0,0,86,8.8%,230,46,108,1,-10,--
Ryan Murray,COL,D,28,82,14.8,0,14,14,0,0,0,55,0.0%,67,101,9,0,-4,--
Cal Clutterbuck,NYI,RW,34,82,13.0,5,9,14,0,0,0,76,6.0%,289,45,21,1,-9,--
Brendan Smith,NJD,D,33,82,13.6,7,7,14,0,0,0,96,7.0%,126,69,91,1,-4,--
David Savard,MTL,D,31,82,20.0,3,11,14,0,0,0,90,2.8%,161,170,42,0,-26,--
Cody Eakin,BUF,C,31,82,13.1,5,9,13,0,0,0,76,6.1%,49,34,26,1,-17,57.7%
Juho Lammikko,VAN,C,26,82,12.3,7,6,13,0,0,0,76,9.8%,95,45,17,1,-9,53.6%
Givani Smith,DET,LW,24,82,8.9,8,6,13,0,0,0,93,8.1%,150,37,200,1,-10,--
Kyle Capobianco,WPG,D,25,82,16.4,2,11,13,0,0,0,70,2.6%,75,87,71,0,-17,--
Calvin de Haan,CHI,D,31,82,18.5,3,10,13,0,0,0,116,2.9%,167,189,34,1,-26,--
Jake Leschyshyn,VGK,C,23,82,11.9,4,9,13,0,0,0,74,6.0%,89,48,17,1,-4,49.0%
Dominic Toninato,WPG,"C,LW",28,82,8.6,6,7,13,0,0,0,46,13.6%,94,36,30,1,-2,48.3%
Alexander Romanov,NYI,D,22,82,20.9,3,10,13,0,0,0,119,2.2%,224,148,49,0,-5,--
Connor Dewar,MIN,"C,LW",23,82,10.5,5,8,13,0,0,0,104,4.9%,100,42,62,1,-9,50.2%
William Lagesson,CAR,D,26,82,12.8,0,13,13,0,0,0,84,0.0%,96,52,30,0,5,--
Wayne Simmonds,TOR,"LW,RW",34,82,9.4,5,8,13,0,0,0,82,5.6%,147,21,89,1,-10,--
Jeffrey Viel,SJS,"LW,RW",25,82,9.0,7,5,13,0,0,0,74,10.1%,196,27,282,1,-5,--
Dylan DeMelo,WPG,D,29,82,18.1,0,12,12,0,0,0,79,0.1%,117,112,35,0,4,--
Colton Sceviour,EDM,"LW,RW",33,82,9.3,6,7,12,0,0,0,81,7.1%,92,51,37,1,-11,51.7%
Andrej Sustr,MIN,D,31,82,14.3,2,10,12,0,0,0,58,3.5%,54,77,35,0,-9,--
Andrew Cogliano,COL,LW,35,82,12.0,3,10,12,0,0,0,79,3.7%,107,36,27,0,-17,--
Chad Ruhwedel,PIT,D,32,82,14.9,4,9,12,0,0,0,83,4.7%,144,81,19,1,0,--
Jeremy Lauzon,NSH,D,25,82,18.3,2,10,12,0,0,0,98,2.4%,260,93,92,0,-4,--
Erik Gudbranson,CBJ,D,30,82,17.9,5,8,12,0,0,0,120,3.8%,149,102,94,1,-5,--
Julien Gauthier,NYR,RW,24,82,10.6,5,7,12,0,0,0,113,4.6%,158,24,11,1,-14,--
Max Willman,PHI,LW,27,82,11.8,8,4,12,0,0,0,129,6.1%,101,18,29,1,-25,--
Brett Ritchie,CGY,RW,29,82,9.8,7,5,12,0,0,0,95,7.4%,162,12,58,1,-12,--
Trevor Lewis,CGY,"C,RW",35,82,11.4,5,7,12,0,0,0,102,4.6%,142,38,13,1,-4,45.9%
Travis Dermott,VAN,D,25,82,15.4,3,8,12,0,0,0,70,5.0%,76,70,32,1,5,--
Olli Maatta,DET,D,28,82,17.9,1,10,12,0,0,0,84,1.7%,88,124,17,0,-3,--
Darren Helm,COL,"C,LW",35,82,10.7,6,6,12,0,0,0,97,5.7%,115,30,21,1,-11,48.7%
Henrik Borgstrom,WSH,"C,LW",25,82,10.8,7,5,12,0,2,2,67,9.8%,38,31,34,1,-20,41.4%
Matthew Benning,SJS,D,28,82,16.1,1,11,11,0,0,0,75,1.2%,106,86,39,0,-9,--
Antoine Roussel,ARI,LW,32,82,11.2,5,6,11,0,0,0,76,7.1%,109,45,84,1,-14,--
Ryan Reaves,NYR,RW,35,82,9.8,4,7,11,0,0,0,49,8.1%,302,25,53,1,-12,--
Cal Foote,TBL,D,23,82,13.7,3,8,11,0,0,0,85,3.3%,111,81,58,0,12,--
Patrik Nemeth,ARI,D,30,82,17.0,3,8,11,0,0,0,75,3.9%,131,122,32,0,-6,--
Thomas Harley,DAL,D,21,82,14.8,3,9,11,0,0,0,95,2.6%,72,78,16,0,-8,--
Nicolas Meloche,CGY,D,25,82,17.2,3,8,11,0,0,0,61,5.5%,249,93,66,1,-25,--
Marc-Edouard Vlasic,SJS,D,35,82,15.0,2,9,11,0,0,0,59,3.3%,54,95,16,0,-19,--
Boris Katchouk,CHI,LW,24,82,10.4,5,6,11,0,0,0,82,6.0%,188,29,55,1,-9,--
Connor Clifton,BOS,D,27,82,16.5,4,7,11,0,0,0,97,3.7%,209,94,51,1,3,--
Marian Studenic,DAL,"LW,RW",23,82,11.6,5,5,11,0,0,0,103,5.1%,60,36,16,1,-14,--
Joel Kiviranta,DAL,"LW,RW",26,82,9.7,1,9,10,0,0,0,87,1.7%,135,34,15,0,-8,--
Zach Bogosian,TBL,D,32,82,14.7,2,8,10,0,0,0,84,3.0%,166,55,84,0,3,--
Mark Borowiecki,NSH,D,33,82,13.0,1,9,10,0,0,0,63,2.2%,256,118,158,0,-11,--
Ryan Carpenter,NYR,"C,RW",31,82,12.2,3,7,10,0,0,0,79,4.0%,151,49,38,0,-14,54.6%
Kyle Burroughs,VAN,D,27,82,13.1,2,8,10,0,0,0,75,2.6%,219,104,78,0,-6,--
Brad Richardson,VAN,"C,LW",37,82,9.8,5,4,10,0,0,0,58,9.3%,100,41,48,1,-5,58.6%
Josh Brown,ARI,D,28,82,14.2,1,9,10,0,0,0,69,1.6%,170,98,59,0,-7,--
Radim Simek,SJS,D,29,82,13.4,3,7,10,0,0,0,52,5.8%,183,89,22,0,-21,--
Riley Nash,TBL,"C,RW",33,82,10.9,2,8,9,0,0,0,58,3.0%,72,36,15,0,-8,54.9%
Ilya Lyubushkin,BUF,D,28,82,16.9,2,8,9,0,0,0,63,2.7%,197,113,37,0,-9,--
Greg McKegg,EDM,"C,LW",30,82,10.4,5,4,9,0,0,0,47,10.0%,94,42,17,1,-18,49.0%
Vladislav Kolyachonok,ARI,D,21,82,17.0,3,6,9,0,0,0,68,4.0%,98,93,17,0,0,--
Tucker Poolman,VAN,D,29,82,17.1,2,7,9,0,0,0,96,1.9%,75,127,20,0,-3,--
Zdeno Chara,NYI,D,45,82,16.2,3,6,9,0,0,0,88,3.4%,142,92,74,0,0,--
Matt Martin,NYI,LW,33,82,10.6,5,4,9,0,0,0,73,6.6%,264,34,69,1,-5,--
Jack Johnson,CHI,D,35,82,16.2,1,7,9,0,0,0,59,2.1%,110,81,40,0,-2,--
Simon Benoit,ANA,D,23,82,14.6,2,7,8,0,0,0,73,2.2%,253,64,36,0,-7,--
Robert Bortuzzo,STL,D,33,82,13.2,2,7,8,0,0,0,54,3.0%,140,101,57,0,-2,--
Andrej Sekera,DAL,D,36,82,13.4,3,5,8,0,0,0,56,5.7%,37,60,25,1,1,--
Andy Greene,NYI,D,39,82,16.0,2,6,8,0,0,0,57,3.2%,53,144,15,0,-8,--
Jani Hakanpaa,DAL,D,30,82,16.3,3,5,8,0,0,0,68,5.1%,244,116,46,1,-2,--
Zack MacEwen,PHI,RW,26,82,9.7,3,5,8,0,0,0,86,3.6%,163,31,120,0,-12,--
Kurtis MacDermid,COL,"LW,D",28,82,8.0,3,5,8,0,0,0,67,4.7%,139,32,106,0,-5,--
Nate Thompson,PHI,C,37,82,10.7,2,5,7,0,0,0,45,5.1%,114,47,49,0,-20,59.8%
John Hayden,SEA,RW,27,82,10.8,4,3,7,0,0,0,90,4.6%,150,41,134,1,-13,--
Jonah Gadjovich,SJS,"LW,RW",23,82,9.2,2,4,6,0,0,0,72,3.0%,194,28,147,0,-17,--
Liam O'Brien,ARI,"LW,RW",28,82,9.4,4,2,6,0,0,0,72,5.6%,276,21,223,1,2,--
Kevin Connauton,PHI,D,32,82,12.7,2,4,6,0,0,0,61,3.3%,141,61,9,0,-7,--
Nick Seeler,PHI,D,29,82,12.9,2,4,6,0,0,0,61,3.1%,134,129,56,0,-7,--
Kristian Vesalainen,WPG,C,23,82,9.3,3,2,5,0,0,0,70,5.0%,111,23,10,1,-12,--
Jay Beagle,ARI,C,36,82,12.6,1,3,4,0,0,0,53,1.2%,115,44,59,0,-40,61.5%