Player,2007-08,2008-09,2009-10,2010-11,2011-12,2012-13,2013-14,2014-15,2015-16,2016-17,2017-18,2018-19,2019-20,2020-21,2021-22
Aaron Ekblad,,,,,,,,0.085,0.069,0.072,0.092,0.058,0.059,0.058,0.089
Aaron Johnson,,0.148,0.088,,0.159,,,,,,,,,,
Aaron MacKenzie,,,,,,,,,,,,,,,
Aaron Miller,0.140,,,,,,,,,,,,,,
Aaron Ness,,,,,,,,,,,,,,,
Aaron Rome,,,0.069,0.061,0.190,0.118,,,,,,,,,
Aaron Ward,0.193,0.141,0.161,,,,,,,,,,,,
Adam Almquist,,,,,,,,,,,,,,,
Adam Boqvist,,,,,,,,,,,,,,,
Adam Clendening,,,,,,,,,,,,,,,
Adam Foote,0.139,0.177,0.116,0.090,,,,,,,,,,,
Adam Fox,,,,,,,,,,,,,,0.168,0.084
Adam Larsson,,,,,,0.235,,0.143,0.131,0.206,0.164,0.103,0.182,0.145,0.164
Adam McQuaid,,,,0.225,0.147,,0.128,0.126,0.191,0.229,0.208,0.185,,,
Adam Pardy,,0.110,0.140,,,,0.147,0.149,0.163,,,,,,
Adam Pelech,,,,,,,,,,0.302,0.159,0.096,0.180,0.132,0.129
Adrian Aucoin,0.053,0.058,0.040,0.098,0.067,0.018,,,,,,,,,
Alain Nasreddine,,,,,,,,,,,,,,,
Alec Martinez,,,,,,,,0.222,0.192,0.198,0.251,0.167,0.209,0.307,0.127
Alec Regula,,,,,,,,,,,,,,,
Alex Biega,,,,,,,,,0.074,,0.202,,0.073,,
Alex Goligoski,,,0.075,0.090,0.087,0.159,0.169,0.155,0.141,0.152,0.167,0.201,0.126,0.170,0.168
Alex Grant,,,,,,,,,,,,,,,
Alex Henry,,,,,,,,,,,,,,,
Alex Petrovic,,,,,,,,,0.093,0.062,,0.242,,,
Alex Pietrangelo,,,,0.152,0.157,0.183,0.169,0.152,0.112,0.133,0.136,0.137,0.103,0.149,0.142
Alex Plante,,,,,,,,,,,,,,,
Alex Vlasic,,,,,,,,,,,,,,,
Alexander Edler,0.061,0.099,0.107,0.087,0.101,0.157,0.137,0.115,0.164,0.193,0.214,0.245,0.217,0.123,0.169
Alexander Romanov,,,,,,,,,,,,,,0.214,0.236
Alexander Sulzer,,,,0.080,,,0.065,,,,,,,,
Alexander Urbom,,,,,,,0.026,,,,,,,,
Alexander Yelesin,,,,,,,,,,,,,,,
Alexandre Carrier,,,,,,,,,,,,,,0.290,0.171
Alexandre Picard,0.175,,0.168,,,,,,,,,,,,
Alexei Emelin,,,,,0.149,0.131,0.213,0.113,0.104,0.163,0.121,,,,
Alexei Semenov,,0.105,,,,,,,,,,,,,
Alexei Zhitnik,0.093,,,,,,,,,,,,,,
Alexey Marchenko,,,,,,,,,0.231,0.181,,,,,
Allan Rourke,,,,,,,,,,,,,,,
Anders Eriksson,0.053,,,,,,,,,,,,,,
Andre Benoit,,,,,,,0.102,0.121,,,,,,,
Andreas Borgman,,,,,,,,,,,,,,,
Andreas Englund,,,,,,,,,,,,,,,
Andreas Lilja,0.162,0.234,0.243,0.245,0.214,,,,,,,,,,
Andrei Markov,0.062,0.103,0.068,,,0.101,0.162,0.098,0.073,0.076,,,,,
Andrei Mironov,,,,,,,,,,,,,,,
Andrei Zyuzin,0.126,,,,,,,,,,,,,,
Andrej Meszaros,0.057,0.152,0.113,0.096,0.060,,0.022,0.075,,,,,,,
Andrej Sekera,0.131,0.109,,0.122,0.161,0.116,0.092,0.118,0.138,0.179,0.196,0.032,0.189,0.196,
Andrej Sustr,,,,,,,0.078,0.153,0.063,0.181,,,,,0.121
Andrew Alberts,0.125,0.171,0.110,0.135,0.059,0.124,,,,,,,,,
Andrew Bodnarchuk,,,,,,,,,,,,,,,
Andrew Campbell,,,,,,,,0.103,,,,,,,
Andrew Ference,0.074,0.148,0.081,0.108,0.079,0.093,0.107,0.062,,,,,,,
Andrew Hutchinson,,,,,,,,,,,,,,,
Andrew MacDonald,,,0.208,0.154,0.151,0.118,0.159,0.160,0.098,0.135,0.228,0.167,,,
Andrew MacWilliam,,,,,,,,0.176,,,,,,,
Andrew Peeke,,,,,,,,,,,,,,,0.148
Andrey Pedan,,,,,,,,,,,,,,,
Andrey Zubarev,,,,,,,,,,,,,,,
Andy Greene,0.133,,0.143,0.167,0.108,0.124,0.123,0.147,0.136,0.178,0.168,0.179,0.218,0.125,0.102
Andy Sutton,0.198,0.211,0.201,0.193,0.163,,,,,,,,,,
Andy Welinski,,,,,,,,,,,,,,,
Andy Wozniewski,0.103,,,,,,,,,,,,,,
Anssi Salmela,,,,,,,,,,,,,,,
Anthony Bitetto,,,,,,,,,,,,,0.136,,
Anthony DeAngelo,,,,,,,,,,,,,,,
Anton Babchuk,,0.144,,0.119,,,,,,,,,,,
Anton Belov,,,,,,,,,,,,,,,
Anton Lindholm,,,,,,,,,,,0.208,,,,
Anton Stralman,,,0.078,,0.094,0.086,0.084,0.081,0.066,0.084,0.087,0.139,0.153,0.065,0.106
Anton Volchenkov,0.252,0.193,0.254,0.123,0.135,0.156,0.230,0.079,,,,,,,
Artem Zub,,,,,,,,,,,,,,0.099,0.114
Artemi Kniazev,,,,,,,,,,,,,,,
Arturs Kulda,,,,,,,,,,,,,,,
Ashton Sautner,,,,,,,,,,,,,,,
Austin Strand,,,,,,,,,,,,,,,
Barret Jackman,0.137,0.128,0.143,0.152,0.168,0.148,0.153,0.160,0.143,,,,,,
Ben Chiarot,,,,,,,,0.145,0.333,0.163,0.279,0.146,0.138,0.142,0.073
Ben Harpur,,,,,,,,,,,0.057,0.063,,0.041,
Ben Hutton,,,,,,,,,0.132,0.000,0.144,0.101,0.100,0.079,0.142
Ben Lovejoy,,,,0.094,,,0.191,0.163,0.153,0.134,0.158,0.149,,,
Ben Thomas,,,,,,,,,,,,,,,
Blake Hillman,,,,,,,,,,,,,,,
Bobby Allen,,,,,,,,,,,,,,,
Bobby Sanguinetti,,,,,,0.160,,,,,,,,,
Bogdan Kiselevich,,,,,,,,,,,,,,,
Boris Valabik,,0.162,0.116,,,,,,,,,,,,
Bowen Byram,,,,,,,,,,,,,,,
Brad Hunt,,,,,,,,,,,,,,,
Brad Lukowich,0.153,0.092,,,,,,,,,,,,,
Brad Stuart,0.093,0.099,0.093,0.088,0.136,0.126,0.138,0.144,,,,,,,
Braden Schneider,,,,,,,,,,,,,,,
Brady Austin,,,,,,,,,,,,,,,
Brady Skjei,,,,,,,,,,,0.129,0.098,0.100,0.099,0.059
Brandon Carlo,,,,,,,,,,0.149,0.109,0.085,0.086,0.180,0.093
Brandon Davidson,,,,,,,,,0.186,0.120,0.101,,,,
Brandon Gormley,,,,,,,,0.114,,,,,,,
Brandon Manning,,,,,,,,,0.140,0.066,0.097,0.084,,,
Brandon Montour,,,,,,,,,,,0.104,0.088,0.064,0.056,0.020
Branislav Mezei,0.159,,,,,,,,,,,,,,
Brayden McNabb,,,,,0.090,,,0.153,0.157,,0.179,0.149,0.186,0.214,0.264
Braydon Coburn,0.076,0.146,0.112,0.178,0.152,0.120,0.131,0.162,0.140,0.129,0.139,0.079,0.177,0.062,
Brendan Bell,,,,,,,,,,,,,,,
Brendan Guhle,,,,,,,,,,,,,,,
Brendan Mikkelson,,,,0.000,,,,,,,,,,,
Brendan Smith,,,,,,0.069,0.120,0.106,0.111,0.104,0.016,0.099,0.079,0.051,0.102
Brendan Witt,0.140,0.179,0.149,,,,,,,,,,,,
Brenden Dillon,,,,,,0.152,0.110,0.111,0.104,0.077,0.094,0.088,0.094,0.117,0.115
Brennan Menell,,,,,,,,,,,,,,,
Brent Burns,0.055,0.046,0.062,0.069,0.131,,,0.069,0.124,0.099,0.057,0.048,0.075,0.080,0.085
Brent Regner,,,,,,,,,,,,,,,
Brent Seabrook,0.090,0.130,0.132,0.193,0.124,0.190,0.104,0.181,0.090,0.188,0.185,0.151,0.082,,
Brent Sopel,0.181,0.222,0.211,0.220,,,,,,,,,,,
Bret Hedican,0.139,0.159,,,,,,,,,,,,,
Brett Bellemore,,,,,,,0.131,0.124,,,,,,,
Brett Carson,,,0.160,,,,,,,,,,,,
Brett Clark,0.204,0.221,0.231,0.086,0.200,,,,,,,,,,
Brett Festerling,,0.125,,,,,,,,,,,,,
Brett Kulak,,,,,,,,,,,,,,,0.062
Brett Lebda,,,,,,,,,,,,,,,
Brett Lernout,,,,,,,,,,,,,,,
Brett Pesce,,,,,,,,,0.194,0.118,0.150,0.131,0.096,0.081,0.071
Brett Skinner,,,,,,,,,,,,,,,
Brian Campbell,0.102,,0.071,0.177,0.093,0.150,0.062,0.084,0.045,,,,,,
Brian Dumoulin,,,,,,,,,0.088,0.109,0.163,0.156,0.149,0.145,0.121
Brian Fahey,,,,,,,,,,,,,,,
Brian Lashoff,,,,,,0.236,0.214,,,,,,,,
Brian Lee,,0.136,,0.178,0.148,,,,,,,,,,
Brian Pothier,0.121,,0.189,,,,,,,,,,,,
Brian Rafalski,0.069,0.083,0.081,,,,,,,,,,,,
Brian Salcido,,,,,,,,,,,,,,,
Brian Strait,,,,,,0.033,0.112,0.110,0.099,,,,,,
Brogan Rafferty,,,,,,,,,,,,,,,
Brooks Orpik,0.137,0.134,0.126,0.110,0.094,0.074,0.150,0.150,0.120,0.089,0.197,0.158,,,
Bruno Gervais,0.087,0.064,0.129,0.092,0.202,0.085,,,,,,,,,
Bryan Allen,0.120,,0.170,0.099,0.198,0.192,0.218,,,,,,,,
Bryan Berard,,,,,,,,,,,,,,,
Bryan Helmer,,,,,,,,,,,,,,,
Bryan McCabe,0.096,0.086,0.087,0.171,,,,,,,,,,,
Bryan Rodney,,,,,,,,,,,,,,,
Bryan Young,,,,,,,,,,,,,,,
Bryce Salvador,0.106,0.173,0.099,,0.143,0.193,0.126,0.132,,,,,,,
Cade Fairchild,,,,,,,,,,,,,,,
Cal Foote,,,,,,,,,,,,,,,
Cale Fleury,,,,,,,,,,,,,0.062,,
Cale Makar,,,,,,,,,,,,,,0.000,0.037
Caleb Jones,,,,,,,,,,,,,,,
Calle Rosen,,,,,,,,,,,,,,,
Calvin de Haan,,,,,,,0.168,0.203,0.266,0.231,0.128,0.122,0.165,0.211,0.207
Cam Barker,0.098,0.082,0.125,0.114,,,,,,,,,,,
Cam Dineen,,,,,,,,,,,,,,,0.137
Cam Fowler,,,,0.033,0.142,,0.156,0.118,0.107,0.123,0.081,0.102,0.047,0.046,0.128
Cam York,,,,,,,,,,,,,,,
Cameron Gaunce,,,,,,,,,,,,,,,
Cameron Schilling,,,,,,,,,,,,,,,
Carl Dahlstrom,,,,,,,,,,,,0.084,,,
Carl Gunnarsson,,,0.126,0.130,0.150,0.113,0.149,0.159,0.159,0.132,0.123,0.165,0.177,0.163,
Carl Sneep,,,,,,,,,,,,,,,
Carlo Colaiacovo,0.107,0.231,,,,,,,,,,,,,
Carson Soucy,,,,,,,,,,,,,0.094,0.102,0.092
Casey Borer,,,,,,,,,,,,,,,
Casey Fitzgerald,,,,,,,,,,,,,,,0.243
Casey Nelson,,,,,,,,,,,0.053,0.092,,,
Chad Ruhwedel,,,,,,,,,,0.052,,,0.057,,0.124
Charlie McAvoy,,,,,,,,,,,0.155,0.086,0.130,0.082,0.095
Chase Priskie,,,,,,,,,,,,,,,
Chay Genoway,,,,,,,,,,,,,,,
Chris Bigras,,,,,,,,,,,,,,,
Chris Breen,,,,,,,,,,,,,,,
Chris Butler,,0.077,0.103,0.117,0.099,0.094,0.108,,,,,,,,
Chris Campoli,0.067,0.143,0.097,0.103,,,,,,,,,,,
Chris Chelios,0.051,0.045,,,,,,,,,,,,,
Chris Phillips,0.122,0.079,0.125,0.155,0.159,0.093,0.111,0.111,,,,,,,
Chris Pronger,0.101,0.102,0.137,0.162,0.128,,,,,,,,,,
Chris Summers,,,,,,,0.180,,,,,,,,
Chris Wideman,,,,,,,,,,,,,,,
Christian Backman,0.042,0.161,,,,,,,,,,,,,
Christian Djoos,,,,,,,,,,,,,,,
Christian Ehrhoff,0.178,0.089,0.059,0.082,0.080,0.095,0.112,0.092,,,,,,,
Christian Folin,,,,,,,,,0.105,0.061,0.115,0.265,,,
Christian Jaros,,,,,,,,,,,,0.163,,,
Christian Wolanin,,,,,,,,,,,,,,,
Christoph Schubert,0.112,0.120,0.086,,,,,,,,,,,,
Christopher Tanev,,,,,,0.097,0.150,0.204,0.178,0.170,0.093,0.191,0.204,0.163,0.186
Clay Wilson,,,,,,,,,,,,,,,
Clayton Stoner,,,,0.108,0.118,0.093,0.098,0.151,0.110,0.194,,,,,
Cody Ceci,,,,,,,0.093,0.084,0.108,0.125,0.105,0.140,0.075,0.077,0.148
Cody Franson,,,,,,0.236,0.131,0.126,0.113,0.035,,,,,
Cody Goloubef,,,,,,,,0.000,0.060,0.086,,,0.204,,
Colby Cohen,,,,,,,,,,,,,,,
Colby Robak,,,,,,,0.219,,,,,,,,
Colin Miller,,,,,,,,,,,0.086,0.053,,0.144,0.119
Colin White,0.058,0.113,0.083,0.140,0.228,,,,,,,,,,
Colten Teubert,,,,,,,,,,,,,,,
Colton Parayko,,,,,,,,,0.090,0.134,0.096,0.141,0.079,0.206,0.137
Colton White,,,,,,,,,,,,,,,
Connor Carrick,,,,,,,0.185,,,,,,,,
Connor Clifton,,,,,,,,,,,,,,0.120,0.082
Connor Mackey,,,,,,,,,,,,,,,
Connor Murphy,,,,,,,0.108,0.254,0.144,0.189,0.129,0.175,0.190,0.187,0.150
Conor Allen,,,,,,,,,,,,,,,
Conor Timmins,,,,,,,,,,,,,,,
Corey Potter,,,,,0.131,0.073,,,,,,,,,
Corey Schueneman,,,,,,,,,,,,,,,
Cory Murphy,,,,,,,,,,,,,,,
Cory Sarich,0.084,0.076,0.092,0.119,0.054,,0.150,,,,,,,,
Craig Rivet,0.068,0.100,0.059,0.108,,,,,,,,,,,
Dakota Mermis,,,,,,,,,,,,,,,
Dalton Prout,,,,,,,0.103,0.109,0.123,,,,,,
Damon Severson,,,,,,,,0.037,,,,0.091,0.041,0.078,0.074
Dan Boyle,0.143,0.081,0.092,0.111,0.122,0.118,,0.071,0.178,,,,,,
Dan Girardi,0.139,0.079,0.155,0.182,0.162,0.143,0.154,0.118,0.184,0.169,0.182,0.157,,,
Dan Hamhuis,0.060,0.082,0.086,0.122,0.128,0.104,0.098,0.076,0.152,0.094,0.098,0.094,0.105,,
Dan Jancevski,,,,,,,,,,,,,,,
Dan Renouf,,,,,,,,,,,,,,,
Daniel Brickley,,,,,,,,,,,,,,,
Daniel Tjarnqvist,,0.108,,,,,,,,,,,,,
Daniil Miromanov,,,,,,,,,,,,,,,
Danny Biega,,,,,,,,,,,,,,,
Danny DeKeyser,,,,,,,0.150,0.134,0.149,0.175,0.139,0.099,,0.224,0.197
Danny Richmond,,,,,,,,,,,,,,,
Danny Syvret,,,,,,,,,,,,,,,
Dante Fabbro,,,,,,,,,,,,,0.093,0.123,0.213
Darnell Nurse,,,,,,,,,0.106,0.191,0.185,0.133,0.197,0.139,0.147
Darren Dietz,,,,,,,,,,,,,,,
Darren Raddysh,,,,,,,,,,,,,,,
Darryl Sydor,0.138,0.156,0.148,,,,,,,,,,,,
David Farrance,,,,,,,,,,,,,,,
David Hale,0.041,0.060,0.042,0.060,,,,,,,,,,,
David Musil,,,,,,,,,,,,,,,
David Rundblad,,,,,,,,,,,,,,,
David Savard,,,,,,,0.127,0.072,0.134,0.104,0.178,0.057,0.167,0.086,0.150
David Schlemko,,,,,0.194,0.205,0.230,0.224,0.179,,0.191,0.252,,,
David Tanabe,,,,,,,,,,,,,,,
David Warsofsky,,,,,,,,,,,,,,,
Davis Drewiske,,0.195,0.099,0.154,,0.183,,,,,,,,,
Dean Kukan,,,,,,,,,,,,,,,
Declan Chisholm,,,,,,,,,,,,,,,
Denis Gauthier,,0.218,,,,,,,,,,,,,
Denis Grebeshkov,0.086,0.106,0.154,,,,,,,,,,,,
Dennis Cholowski,,,,,,,,,,,,,,,
Dennis Gilbert,,,,,,,,,,,,,,,
Dennis Seidenberg,0.134,0.212,0.229,0.141,0.144,0.212,0.171,0.178,0.200,0.140,0.178,,,,
Dennis Wideman,0.120,0.112,0.089,0.144,0.170,0.149,0.130,0.073,0.089,0.129,,,,,
Derek Forbort,,,,,,,,,,0.173,0.242,0.189,,0.172,0.167
Derek Joslin,,,,0.053,,,,,,,,,,,
Derek Meech,,,,,,,,,,,,,,,
Derek Morris,0.068,0.079,0.083,0.112,0.116,0.185,0.090,,,,,,,,
Derek Peltier,,,,,,,,,,,,,,,
Derek Smith,,,,,,,,,,,,,,,
Derian Hatcher,0.114,,,,,,,,,,,,,,
Derrick Pouliot,,,,,,,,,,,,,,,
Deryk Engelland,,,,0.064,0.158,0.156,0.093,0.272,0.105,0.146,0.145,0.194,0.219,,
Devon Toews,,,,,,,,,,,,,,0.153,0.098
Dick Tarnstrom,0.124,,,,,,,,,,,,,,
Dillon Heatherington,,,,,,,,,,,,,,,
Dion Phaneuf,0.074,0.055,0.093,0.085,0.137,0.099,0.115,0.133,0.092,0.206,0.192,0.100,,,
Dmitri Kalinin,0.108,0.072,,,,,,,,,,,,,
Dmitry Korobov,,,,,,,,,,,,,,,
Dmitry Kulikov,,,,0.095,0.065,0.024,0.081,0.125,0.096,0.133,0.166,0.102,0.214,0.075,0.117
Dmitry Orlov,,,,,0.090,,,,,,0.092,0.044,0.128,0.000,0.070
Doug Janik,,,,,,,,,,,,,,,
Dougie Hamilton,,,,,,,0.048,0.060,0.252,0.082,0.072,,0.092,0.050,0.066
Douglas Murray,0.163,0.105,0.088,0.245,0.277,0.182,0.165,,,,,,,,
Drew Bagnall,,,,,,,,,,,,,,,
Drew Doughty,,0.087,0.066,0.090,0.062,0.058,0.104,0.146,0.079,0.081,0.120,0.065,0.149,0.127,0.179
Drew Fata,,,,,,,,,,,,,,,
Duncan Keith,0.088,0.082,0.117,0.121,0.111,0.131,0.064,0.107,0.140,0.077,0.161,0.126,0.146,0.094,0.107
Duncan Siemens,,,,,,,,,,,0.168,,,,
Dustin Byfuglien,,,,,,,0.126,0.142,0.097,0.096,0.091,0.079,,,
Duvie Westcott,,,,,,,,,,,,,,,
Dylan Coghlan,,,,,,,,,,,,,,,
Dylan DeMelo,,,,,,,,,,,,0.114,0.121,0.059,0.090
Dylan McIlrath,,,,,,,,,0.093,,,,0.073,,
Dylan Olsen,,,,,,,0.188,0.064,,,,,,,
Dylan Reese,,,,0.086,,,,,,,,,,,
Dylan Samberg,,,,,,,,,,,,,,,
Dysin Mayo,,,,,,,,,,,,,,,0.202
Ed Jovanovski,0.021,0.096,0.154,0.120,0.058,,0.069,,,,,,,,
Egor Yakovlev,,,,,,,,,,,,,,,
Egor Zamula,,,,,,,,,,,,,,,
Eric Brewer,0.102,0.150,0.075,0.105,0.109,0.145,0.124,0.137,,,,,,,
Eric Gelinas,,,,,,,,,,,,,,,
Eric Gryba,,,,,,0.051,0.081,0.081,0.115,0.095,0.098,,,,
Erik Brannstrom,,,,,,,,,,,,,,,0.097
Erik Burgdoerfer,,,,,,,,,,,,,,,
Erik Cernak,,,,,,,,,,,,0.214,0.233,0.165,0.192
Erik Gudbranson,,,,,,0.096,0.102,0.085,0.125,0.150,0.136,0.115,0.124,0.145,0.159
Erik Gustafsson,,,,,,0.118,,,,,,,,,
Erik Johnson,,,0.109,0.132,0.086,0.163,0.099,0.213,0.187,0.193,0.122,0.158,0.201,,0.196
Erik Karlsson,,,,0.054,0.000,0.032,0.072,0.000,0.046,0.120,0.087,0.092,0.083,0.080,0.026
Erik Reitz,,,,,,,,,,,,,,,
Esa Lindell,,,,,,,,,,0.087,0.163,0.170,0.137,0.169,0.134
Ethan Bear,,,,,,,,,,,,,0.132,0.216,0.113
Ethan Prow,,,,,,,,,,,,,,,
Evan Bouchard,,,,,,,,,,,,,,,0.110
Evan Oberg,,,,,,,,,,,,,,,
Evgeny Medvedev,,,,,,,,,0.160,,,,,,
Fedor Tyutin,0.141,0.135,0.112,0.119,0.096,0.098,0.121,0.183,0.120,0.160,,,,,
Filip Hronek,,,,,,,,,,,,0.000,0.108,0.053,0.089
Filip Kuba,0.117,0.185,0.141,0.113,0.089,0.072,,,,,,,,,
Francis Bouillon,0.166,0.154,0.089,0.081,0.114,0.039,,,,,,,,,
Francois Beauchemin,0.059,0.122,0.124,0.100,0.205,0.195,0.167,0.126,0.209,0.144,0.195,,,,
Frank Corrado,,,,,,,,,,,,,,,
Frantisek Kaberle,0.067,,,,,,,,,,,,,,
Freddy Meyer,0.100,0.196,0.143,,,,,,,,,,,,
Frédéric St-Denis,,,,,,,,,,,,,,,
Fredrik Claesson,,,,,,,,,,,0.156,0.068,,,
Gabriel Carlsson,,,,,,,,,,,,,,,
Garnet Exelby,0.170,0.205,0.182,,,,,,,,,,,,
Gavin Bayreuther,,,,,,,,,,,,,,,
Geoff Kinrade,,,,,,,,,,,,,,,
Glen Wesley,0.133,,,,,,,,,,,,,,
Grant Clitsome,,,,0.038,0.158,0.123,0.040,,,,,,,,
Grant Hutton,,,,,,,,,,,,,,,
Greg De Vries,0.047,0.109,,,,,,,,,,,,,
Greg Pateryn,,,,,,,,,0.221,,0.169,0.127,0.123,0.227,
Greg Zanon,0.165,0.186,0.165,0.208,0.231,0.246,,,,,,,,,
Griffin Reinhart,,,,,,,,,0.120,,,,,,
Guillaume Brisebois,,,,,,,,,,,,,,,
Gustav Forsling,,,,,,,,,,,0.175,0.147,,0.102,0.080
Gustav Lindstrom,,,,,,,,,,,,,,,0.100
Gustav Olofsson,,,,,,,,,,,,,,,
Hal Gill,0.156,0.147,0.238,0.127,0.216,0.145,,,,,,,,,
Hampus Lindholm,,,,,,,0.028,0.071,0.162,0.106,0.122,0.125,0.054,0.096,0.111
Haydn Fleury,,,,,,,,,,,0.100,,0.057,0.102,0.152
Henri Jokiharju,,,,,,,,,,,,0.031,0.079,0.152,0.107
Henrik Tallinder,0.115,0.127,0.088,0.067,0.090,,0.102,,,,,,,,
Ian Cole,,,,,,,,,0.198,0.225,0.180,0.240,0.212,0.097,0.117
Ian McCoshen,,,,,,,,,,,0.114,,,,
Ian Mitchell,,,,,,,,,,,,,,,
Ian White,0.093,0.140,0.165,0.115,0.144,,,,,,,,,,
Igor Ozhiganov,,,,,,,,,,,,,,,
Ilya Lyubushkin,,,,,,,,,,,,,,,0.125
Isaak Phillips,,,,,,,,,,,,,,,
Ivan Provorov,,,,,,,,,,0.182,0.190,0.097,0.151,0.152,0.143
Ivan Vishnevskiy,,,,,,,,,,,,,,,
J.J. Moser,,,,,,,,,,,,,,,0.075
Jaccob Slavin,,,,,,,,,0.166,0.157,0.159,0.117,0.143,0.141,0.102
Jack Ahcan,,,,,,,,,,,,,,,
Jack Hillen,,,0.180,0.138,0.125,,,,,,,,,,
Jack Johnson,0.157,0.112,0.068,0.074,0.103,0.163,0.131,0.116,0.156,0.166,0.174,0.151,0.168,,0.107
Jack Rathbone,,,,,,,,,,,,,,,
Jacob Bernard-Docker,,,,,,,,,,,,,,,
Jacob Bryson,,,,,,,,,,,,,,0.099,0.118
Jacob Larsson,,,,,,,,,,,,0.082,0.079,0.137,
Jacob MacDonald,,,,,,,,,,,,,,,
Jacob Middleton,,,,,,,,,,,,,,,0.169
Jacob Moverare,,,,,,,,,,,,,,,
Jacob Trouba,,,,,,,0.194,0.128,0.163,0.139,0.130,0.098,0.092,0.150,0.148
Jaime Sifers,,,,,,,,,,,,,,,
Jake Bean,,,,,,,,,,,,,,,0.068
Jake Bischoff,,,,,,,,,,,,,,,
Jake Chelios,,,,,,,,,,,,,,,
Jake Christiansen,,,,,,,,,,,,,,,
Jake Dotchin,,,,,,,,,,,,,,,
Jake Gardiner,,,,,0.114,,0.020,,,,0.032,,,,
Jake McCabe,,,,,,,,,0.172,0.151,0.186,0.190,0.147,0.192,0.245
Jake Muzzin,,,,,,,0.059,0.156,0.126,0.154,0.150,0.156,0.244,0.140,0.082
Jake Walman,,,,,,,,,,,,,,,0.033
Jakob Chychrun,,,,,,,,,,0.254,,,0.073,0.141,0.099
Jakub Galvas,,,,,,,,,,,,,,,
Jakub Jerabek,,,,,,,,,,,,,,,
Jakub Kindl,,,,,,,,,,,,,,,
Jakub Nakladal,,,,,,,,,,,,,,,
Jakub Zboril,,,,,,,,,,,,,,,
Jalen Chatfield,,,,,,,,,,,,,,,
James Wisniewski,0.112,0.199,0.149,0.103,0.125,0.066,0.087,0.105,,,,,,,
Jamie Doornbosch,,,,,,,,,,,,,,,
Jamie Drysdale,,,,,,,,,,,,,,,
Jamie Heward,,,,,,,,,,,,,,,
Jamie McBain,,,,0.021,0.019,0.063,0.083,,,,,,,,
Jamie Oleksiak,,,,,,,,0.207,,0.176,0.125,,0.052,0.242,0.166
Jan Hejda,0.104,0.160,0.218,0.149,0.136,0.225,0.153,0.082,,,,,,,
Jan Rutta,,,,,,,,,,,0.125,0.144,0.120,0.118,0.122
Jani Hakanpaa,,,,,,,,,,,,,,0.157,0.164
Janne Niskala,,,,,,,,,,,,,,,
Jared Cowen,,,,,0.066,,0.084,0.122,0.152,,,,,,
Jared Spurgeon,,,,,0.117,0.057,0.140,0.189,0.198,0.133,0.211,0.140,0.155,0.205,0.115
Jaroslav Modry,0.120,,,,,,,,,,,,,,
Jaroslav Spacek,0.106,0.132,0.079,0.096,,,,,,,,,,,
Jarred Tinordi,,,,,,,0.144,,,,,,0.187,0.145,
Jason Demers,,,0.093,0.075,,,0.084,0.095,0.061,0.056,0.059,0.119,0.080,0.016,
Jason Garrison,,,0.121,0.109,0.090,0.064,0.140,0.097,0.118,0.112,,,,,
Jason Smith,0.137,0.172,,,,,,,,,,,,,
Jason Strudwick,0.130,0.137,0.183,0.154,,,,,,,,,,,
Jassen Cullimore,0.098,0.111,,,,,,,,,,,,,
Jay Bouwmeester,0.115,0.150,0.106,0.160,0.118,0.081,0.082,0.089,0.095,0.095,0.093,0.116,0.123,,
Jay Harrison,,,0.133,0.168,0.200,0.175,0.123,0.147,,,,,,,
Jay Leach,,,0.075,,,,,,,,,,,,
Jay McKee,0.212,0.244,0.233,,,,,,,,,,,,
Jaycob Megna,,,,,,,,,,,,0.105,,,0.154
Jean-Philippe Cote,,,,,,,,,,,,,,,
Jeff Finger,0.132,0.215,0.182,,,,,,,,,,,,
Jeff Petry,,,,0.112,0.093,0.130,0.115,0.068,0.108,0.132,0.166,0.139,0.114,0.066,0.139
Jeff Schultz,0.097,0.127,0.114,0.138,0.110,0.157,,,,,,,,,
Jeff Woywitka,0.100,,,,,,,,,,,,,,
Jeremy Davies,,,,,,,,,,,,,,,
Jeremy Lauzon,,,,,,,,,,,,0.146,0.198,0.121,0.146
Jim Vandermeer,0.066,0.099,0.127,0.147,,,,,,,,,,,
Jimmy Schuldt,,,,,,,,,,,,,,,
Joakim Ryan,,,,,,,,,,,,,0.156,,
Joe Callahan,,,,,,,,,,,,,,,
Joe Corvo,,0.054,0.151,0.086,,,,,,,,,,,
Joe DiPenta,,,,,,,,,,,,,,,
Joe Finley,,,,,,,,,,,,,,,
Joe Hicketts,,,,,,,,,,,,,,,
Joe Morrow,,,,,,,,,,,0.028,,,,
Joe Piskula,,,,,,,,,,,,,,,
Joel Edmundson,,,,,,,,,0.149,0.115,0.187,0.142,0.148,0.118,0.206
Joel Hanley,,,,,,,,,,,,,,,
Joel Kwiatkowski,,,,,,,,,,,,,,,
Joel Persson,,,,,,,,,,,,,,,
John Carlson,,,,0.106,0.128,0.266,0.135,0.209,0.139,0.136,0.157,0.184,0.145,0.079,0.074
John Erskine,0.105,0.083,0.190,0.226,,0.156,0.210,,,,,,,,
John Gilmour,,,,,,,,,,,,,,,
John Klingberg,,,,,,,,,,,0.075,0.083,,,
John Marino,,,,,,,,,,,,,0.113,0.065,0.084
John Moore,,,,,0.045,,,,0.095,0.086,0.101,0.091,0.044,,
John Negrin,,,,,,,,,,,,,,,
John Ramage,,,,,,,,,,,,,,,
John-Michael Liles,,0.100,,0.186,0.115,,,,0.128,0.041,,,,,
Johnathan Kovacevic,,,,,,,,,,,,,,,
Johnny Boychuk,,,0.185,0.098,0.093,0.090,0.179,0.183,0.152,0.124,0.113,0.188,0.220,,
Johnny Oduya,0.067,0.098,0.124,0.091,0.144,0.138,0.128,0.113,0.170,0.232,0.116,,,,
Jon Klemm,0.153,,,,,,,,,,,,,,
Jon Lizotte,,,,,,,,,,,,,,,
Jon Merrill,,,,,,,0.202,0.155,0.134,0.093,,0.129,0.130,0.142,0.187
Jonas Brodin,,,,,,0.077,0.128,0.158,0.075,0.095,0.206,0.144,0.070,0.167,0.134
Jonas Frogren,,0.208,,,,,,,,,,,,,
Jonas Holos,,,,0.085,,,,,,,,,,,
Jonas Siegenthaler,,,,,,,,,,,,,0.172,0.159,0.084
Jonathan Ericsson,,0.026,0.067,0.028,0.064,0.071,0.112,0.059,0.065,0.067,0.099,0.125,,,
Jonathan Racine,,,,,,,,,,,,,,,
Jonathon Blum,,,,,0.271,,,,,,,,,,
Joni Pitkanen,0.045,0.128,0.077,0.085,0.175,0.130,,,,,,,,,
Jordan Gross,,,,,,,,,,,,,,,
Jordan Harris,,,,,,,,,,,,,,,
Jordan Hendry,0.091,,,,,,,,,,,,,,
Jordan Leopold,,0.116,0.109,0.114,0.082,0.249,,,,,,,,,
Jordan Oesterle,,,,,,,,,,,0.107,0.189,0.237,0.244,0.042
Jordan Schmaltz,,,,,,,,,,,,,,,
Jordan Spence,,,,,,,,,,,,,,,
Jordie Benn,,,,,,0.173,0.104,0.129,0.137,0.231,0.189,0.119,0.115,0.191,0.119
Josef Melichar,,0.175,,,,,,,,,,,,,
Josh Brown,,,,,,,,,,,,0.126,,0.215,0.235
Josh Gorges,0.212,0.215,0.168,0.244,0.222,0.173,0.221,0.257,0.197,0.209,0.277,,,,
Josh Jacobs,,,,,,,,,,,,,,,
Josh Mahura,,,,,,,,,,,,,,,
Josh Manson,,,,,,,,0.023,0.152,0.057,0.061,0.090,0.152,0.219,0.092
Josh Morrissey,,,,,,,,,,0.139,0.143,0.084,0.032,0.168,0.078
Julian Melchiori,,,,,,,,,,,,,,,
Julien Brouillette,,,,,,,,,,,,,,,
Julius Honka,,,,,,,,,,,,,,,
Justin Barron,,,,,,,,,,,,,,,
Justin Braun,,,,,0.177,0.127,0.205,0.164,0.112,0.197,0.119,0.206,0.101,0.116,0.148
Justin Falk,,,,,0.183,0.063,,,,0.282,0.298,,,,
Justin Faulk,,,,,0.099,0.114,0.081,0.060,0.016,0.037,0.075,0.099,0.104,0.100,0.111
Justin Holl,,,,,,,,,,,,,0.125,0.122,0.153
Justin Schultz,,,,,,,0.151,,0.156,,,,,,
Juuso Riikola,,,,,,,,,,,,,,,
Juuso Valimaki,,,,,,,,,,,,0.161,,0.233,
Jyrki Jokipakka,,,,,,,,0.141,0.124,,,,,,
K'Andre Miller,,,,,,,,,,,,,,0.080,0.091
Kaedan Korczak,,,,,,,,,,,,,,,
Kale Clague,,,,,,,,,,,,,,,
Karel Rachunek,0.132,,,,,,,,,,,,,,
Karl Alzner,,0.194,0.154,0.133,0.111,0.210,0.153,0.156,0.210,0.151,0.171,,,,
Karl Stollery,,,,,,,,,,,,,,,
Karlis Skrastins,0.175,0.131,0.176,0.189,,,,,,,,,,,
Keaton Ellerby,,,,0.264,0.166,0.085,,,,,,,,,
Keegan Lowe,,,,,,,,,,,,,,,
Keith Aulie,,,,0.097,0.090,,,,,,,,,,
Keith Ballard,0.179,0.172,0.197,0.165,0.147,0.130,,,,,,,,,
Keith Carney,0.061,,,,,,,,,,,,,,
Keith Yandle,,,0.082,0.081,,,,,,0.022,0.071,0.031,,,
Ken Klee,0.169,0.173,,,,,,,,,,,,,
Kent Huskins,0.107,0.144,0.190,0.137,,0.180,,,,,,,,,
Kevan Miller,,,,,,,0.206,0.104,0.211,0.155,0.189,0.230,,0.160,
Kevin Bahl,,,,,,,,,,,,,,,
Kevin Bieksa,0.088,0.037,0.102,0.095,0.064,0.141,0.101,0.071,0.068,0.080,0.079,,,,
Kevin Connauton,,,,,,,,,,,0.175,0.116,,,
Kevin Czuczman,,,,,,,,,,,,,,,
Kevin Dallman,,,,,,,,,,,,,,,
Kevin Gravel,,,,,,,,,,,,0.120,,,
Kevin Klein,,,0.103,0.105,0.212,0.155,0.165,0.179,0.152,0.278,,,,,
Kevin Marshall,,,,,,,,,,,,,,,
Kevin Quick,,,,,,,,,,,,,,,
Kevin Shattenkirk,,,,,0.076,0.070,0.070,0.060,0.102,,,0.094,,0.054,0.150
Kim Johnsson,0.078,0.083,0.073,,,,,,,,,,,,
Kimmo Timonen,0.118,0.098,0.140,0.170,0.143,0.123,0.111,,,,,,,,
Klas Dahlbeck,,,,,,,,0.151,0.102,,0.170,,,,
Korbinian Holzer,,,,,,0.088,,0.125,0.054,,,0.212,0.131,,
Kris Fredheim,,,,,,,,,,,,,,,
Kris Letang,0.127,0.105,0.058,0.086,0.105,0.116,0.080,0.089,0.054,0.101,0.073,0.128,0.030,0.048,0.089
Kris Russell,,,0.192,,,,0.130,0.250,0.210,0.221,0.189,0.235,0.132,0.130,0.294
Kristians Rubins,,,,,,,,,,,,,,,
Kurt Sauer,0.099,0.132,,,,,,,,,,,,,
Kurtis Foster,0.120,,,,,,,,,,,,,,
Kurtis MacDermid,,,,,,,,,,,,,0.233,0.138,
Kyle Burroughs,,,,,,,,,,,,,,,
Kyle Capobianco,,,,,,,,,,,,,,,
Kyle Cumiskey,,,0.113,0.114,,,,,,,,,,,
Kyle McLaren,0.173,,,,,,,,,,,,,,
Kyle Quincey,,0.092,0.163,0.097,0.120,0.152,0.095,0.099,0.149,0.112,0.066,,,,
Ladislav Smid,0.089,0.125,0.106,0.115,0.148,0.187,0.167,0.144,,,,,,,
Lasse Kukkonen,0.217,,,,,,,,,,,,,,
Lassi Thomson,,,,,,,,,,,,,,,
Lawrence Nycholat,,,,,,,,,,,,,,,
Lawrence Pilut,,,,,,,,,,,,,,,
Lee Sweatt,,,,,,,,,,,,,,,
Libor Hajek,,,,,,,,,,,,,,,
Libor Sulak,,,,,,,,,,,,,,,
Linus Hogberg,,,,,,,,,,,,,,,
Logan Stanley,,,,,,,,,,,,,,,0.157
Louie Belpedio,,,,,,,,,,,,,,,
Lubomir Visnovsky,0.104,,,0.250,,0.119,,,,,,,,,
Luc Bourdon,,,,,,,,,,,,,,,
Luca Sbisa,,,,0.171,0.136,0.128,0.171,0.189,0.055,0.094,0.068,,0.185,,
Lucas Carlsson,,,,,,,,,,,,,,,
Lukas Krajicek,0.159,0.130,0.144,,,,,,,,,,,,
Luke Richardson,0.083,,,,,,,,,,,,,,
Luke Schenn,,0.152,0.118,0.129,0.162,0.162,0.117,0.127,0.222,0.159,0.162,0.251,0.025,,0.186
Luke Witkowski,,,,,,,,,,,,,,,
MacKenzie Weegar,,,,,,,,,,,,0.172,0.138,0.126,0.142
Madison Bowey,,,,,,,,,,,,0.125,0.069,,
Magnus Johansson,,,,,,,,,,,,,,,
Marc Methot,,0.090,0.080,0.128,0.076,0.114,0.074,0.100,0.093,0.106,0.116,,,,
Marc Staal,0.081,0.053,0.076,0.095,0.063,0.105,0.109,0.119,0.149,0.079,0.109,0.087,0.099,0.112,0.095
Marc-Andre Bergeron,,,,,,,,,,,,,,,
Marc-Andre Bourdon,,,,,,,,,,,,,,,
Marc-Andre Gragnani,,,,,,,,,,,,,,,
Marc-Edouard Vlasic,0.065,0.101,0.105,0.109,0.075,0.146,0.174,0.126,0.178,0.141,0.114,0.048,0.066,0.120,0.176
Marco Scandella,,,,,0.164,,0.116,0.138,0.135,0.092,0.104,0.087,0.081,0.060,0.136
Marcus Pettersson,,,,,,,,,,,,0.203,0.078,0.145,
Marek Malik,0.091,0.070,,,,,,,,,,,,,
Marek Zidlicky,0.031,0.107,0.068,0.098,,,,,,,,,,,
Mario Ferraro,,,,,,,,,,,,,0.117,0.144,0.187
Mark Alt,,,,,,,,,,,,,,,
Mark Barberio,,,,,,,,0.124,,0.066,0.162,0.133,,,
Mark Borowiecki,,,,,,,,0.211,0.255,0.198,0.113,0.191,0.267,0.136,0.164
Mark Cundari,,,,,,,,,,,,,,,
Mark Eaton,0.118,0.239,0.138,0.193,0.139,0.051,,,,,,,,,
Mark Fayne,,,,0.131,0.075,0.131,0.104,0.141,0.141,,,,,,
Mark Fistric,0.241,0.117,0.156,0.216,0.158,0.191,0.223,,,,,,,,
Mark Flood,,,,,0.136,,,,,,,,,,
Mark Fraser,,,,0.089,,0.228,0.219,0.145,,,,,,,
Mark Friedman,,,,,,,,,,,,,,,
Mark Giordano,,0.032,0.181,0.185,0.198,0.109,0.147,0.107,0.192,0.170,0.110,0.155,0.206,0.172,0.182
Mark Katic,,,,,,,,,,,,,,,
Mark Popovic,,,0.116,,,,,,,,,,,,
Mark Pysyk,,,,,,,0.083,,,0.099,0.117,0.136,0.056,,0.131
Mark Streit,0.105,0.097,0.075,,0.052,0.091,,,0.068,0.053,,,,,
Mark Stuart,0.166,0.168,0.086,0.161,0.221,0.143,0.208,0.204,0.205,0.263,,,,,
Markus Niemelainen,,,,,,,,,,,,,,,
Markus Nutivaara,,,,,,,,,,,,,,,
Martin Fehervary,,,,,,,,,,,,,,,0.156
Martin Marincin,,,,,,,0.194,0.171,0.137,0.115,,0.116,0.231,,
Martin Skoula,0.070,0.138,0.151,,,,,,,,,,,,
Mason Geertsen,,,,,,,,,,,,,,,
Mat Clark,,,,,,,,,,,,,,,
Mathieu Roy,,,0.209,,,,,,,,,,,,
Mathieu Schneider,0.058,0.184,,,,,,,,,,,,,
Matt Bartkowski,,,,,,,0.143,0.096,0.040,,,,,,
Matt Carkner,,,0.175,0.182,,,,,,,,,,,
Matt Carle,0.201,0.158,0.179,0.148,0.118,0.120,0.190,0.211,0.107,,,,,,
Matt Donovan,,,,,,,0.194,,,,,,,,
Matt Dumba,,,,,,,,,,0.064,0.140,0.081,0.153,0.105,0.104
Matt Gilroy,,,0.079,,0.041,,,,,,,,,,
Matt Greene,0.181,0.188,0.200,0.179,0.120,,0.186,0.183,,0.127,,,,,
Matt Grzelcyk,,,,,,,,,,,,0.084,0.043,,
Matt Hunwick,,0.081,0.093,0.133,0.136,0.071,,,0.126,0.141,0.127,,,,
Matt Irwin,,,,,,,,,,0.111,0.224,,0.203,0.151,
Matt Jones,0.114,,,,,,,,,,,,,,
Matt Kiersted,,,,,,,,,,,,,,,
Matt Lashoff,,,,,,,,,,,,,,,
Matt Niskanen,0.088,0.087,,,0.135,0.154,0.000,0.106,0.115,0.083,0.124,0.126,0.078,,
Matt Roy,,,,,,,,,,,,0.264,0.133,0.071,0.130
Matt Smaby,,0.150,0.103,,,,,,,,,,,,
Matt Taormina,,,,,,,,,,,,,,,
Matt Tennyson,,,,,,,,,,,,,,,
Matt Walker,0.055,0.149,0.222,,,,,,,,,,,,
Matthew Benning,,,,,,,,,,0.186,0.223,0.092,,0.146,0.147
Matthew Corrente,,,,,,,,,,,,,,,
Matthew Konan,,,,,,,,,,,,,,,
Matthew Spiller,0.063,,,,,,,,,,,,,,
Mattias Ekholm,,,,,,,0.085,0.132,0.127,0.097,0.097,0.106,0.120,0.090,0.124
Mattias Norstrom,0.107,,,,,,,,,,,,,,
Mattias Ohlund,0.140,0.230,0.121,0.202,,,,,,,,,,,
Mattias Samuelsson,,,,,,,,,,,,,,,0.137
Maxim Kondratiev,,,,,,,,,,,,,,,
Maxim Noreau,,,,,,,,,,,,,,,
Maxime Fortunus,,,,,,,,,,,,,,,
Maxime Lajoie,,,,,,,,,,,,0.145,,,
Michael Caruso,,,,,,,,,,,,,,,
Michael Del Zotto,,,0.050,,0.064,0.041,,0.138,0.129,0.107,0.119,0.070,0.116,0.098,
Michael Funk,,,,,,,,,,,,,,,
Michael Kapla,,,,,,,,,,,,,,,
Michael Kostka,,,,,,0.199,,,,,,,,,
Michael Matheson,,,,,,,,,,0.095,,,,,
Michael Sauer,,,,0.090,0.111,,,,,,,,,,
Michael Stone,,,,,,0.161,0.157,0.228,0.208,0.262,0.185,,0.127,0.311,
Michal Jordan,,,,,,,,,,,,,,,
Michal Kempny,,,,,,,,,,0.266,0.192,0.179,0.129,,
Michal Rozsival,0.152,0.078,0.154,0.186,0.177,,0.148,0.114,0.227,,,,,,
Mike Commodore,0.089,0.126,0.137,0.059,,,,,,,,,,,
Mike Green,0.000,0.130,0.087,0.139,0.053,0.082,0.100,0.123,,0.126,,,,,
Mike Komisarek,0.200,0.189,0.134,0.146,0.132,,,,,,,,,,
Mike Lundin,0.056,0.159,0.126,0.118,0.117,,,,,,,,,,
Mike Matheson,,,,,,,,,,,0.144,0.166,0.083,,
Mike Moore,,,,,,,,,,,,,,,
Mike Mottau,0.079,0.024,0.099,0.120,0.190,,,,,,,,,,
Mike Reilly,,,,,,,,,,,,,,0.046,0.072
Mike Van Ryn,0.020,0.174,,,,,,,,,,,,,
Mike Vernace,,,,,,,,,,,,,,,
Mike Weaver,0.078,0.143,0.151,0.109,0.128,0.167,0.194,0.272,,,,,,,
Mike Weber,,,,0.195,0.167,0.144,0.217,0.208,0.118,,,,,,
Mikey Anderson,,,,,,,,,,,,,,0.185,0.138
Mikhail Sergachev,,,,,,,,,,,,,0.174,0.112,0.126
Mikko Lehtonen,,,,,,,,,,,,,,,
Milan Jurcina,0.105,0.122,0.144,0.131,0.117,,,,,,,,,,
Mirco Mueller,,,,,,,,0.100,,,0.157,0.109,0.115,,
Miro Heiskanen,,,,,,,,,,,,0.071,0.113,0.130,0.129
Morgan Ellis,,,,,,,,,,,,,,,
Morgan Rielly,,,,,,,,0.032,0.088,0.146,0.023,0.113,0.129,,0.058
Moritz Seider,,,,,,,,,,,,,,,0.220
Nate Guenin,,,,,,,0.146,0.164,0.041,,,,,,
Nate Prosser,,,,,0.141,,0.151,0.156,0.191,,0.094,,,,
Nate Schmidt,,,,,,,,,0.155,0.070,0.089,0.066,0.086,0.032,0.097
Nathan Beaulieu,,,,,,,,,0.258,0.070,,,0.114,0.167,0.131
Nathan McIver,,,,,,,,,,,,,,,
Nathan Oystrick,,0.082,,,,,,,,,,,,,
Nathan Paetsch,,,,,,,,,,,,,,,
Neal Pionk,,,,,,,,,,,0.137,0.119,0.047,0.147,0.037
Nelson Nogier,,,,,,,,,,,,,,,
Nick Blankenburg,,,,,,,,,,,,,,,
Nick Boynton,0.063,0.130,0.188,0.164,,,,,,,,,,,
Nick Holden,,,,,,,0.107,0.074,0.116,0.067,0.055,0.085,0.190,,0.095
Nick Jensen,,,,,,,,,,0.133,0.127,0.108,0.106,0.128,0.108
Nick Leddy,,,,,0.075,,,0.075,0.106,0.147,0.128,0.123,0.162,,
Nick Schultz,0.155,0.117,0.106,0.124,0.126,0.176,0.181,0.176,0.172,0.210,,,,,
Nick Seeler,,,,,,,,,,,,0.144,,,0.296
Nicklas Grossmann,0.033,0.144,0.125,0.145,0.146,0.208,0.168,0.123,0.127,,,,,,
Nicklas Lidstrom,0.043,0.074,0.054,0.078,0.101,,,,,,,,,,
Niclas Havelid,0.137,0.161,,,,,,,,,,,,,
Niclas Wallin,0.096,0.157,0.119,0.097,,,,,,,,,,,
Nicolas Beaudin,,,,,,,,,,,,,,,
Nicolas Hague,,,,,,,,,,,,,,0.172,0.212
Nicolas Meloche,,,,,,,,,,,,,,,0.120
Nikita Nesterov,,,,,,,,,,,,,,0.106,
Nikita Nikitin,,,,0.076,0.197,0.122,0.101,0.070,,,,,,,
Nikita Okhotiuk,,,,,,,,,,,,,,,
Nikita Tryamkin,,,,,,,,,,0.124,,,,,
Nikita Zadorov,,,,,,,,,,0.152,0.168,0.127,0.108,0.115,0.035
Nikita Zaitsev,,,,,,,,,,0.136,0.209,0.117,0.164,0.146,0.155
Niklas Hjalmarsson,,0.132,0.174,0.262,0.172,0.209,0.166,0.117,0.087,0.177,0.178,0.192,0.111,0.145,
Niklas Kronwall,0.107,0.114,0.197,0.080,0.220,0.095,0.202,0.087,0.077,0.212,0.207,0.198,,,
Niko Mikkola,,,,,,,,,,,,,,0.106,0.176
Nikolai Knyzhov,,,,,,,,,,,,,,0.140,
Nils Lundkvist,,,,,,,,,,,,,,,
Noah Dobson,,,,,,,,,,,,,,,0.183
Noah Hanifin,,,,,,,,,,,,0.030,0.102,,0.093
Noah Juulsen,,,,,,,,,,,0.184,0.224,,,
Noah Welch,,,,,,,,,,,,,,,
Nolan Pratt,0.139,,,,,,,,,,,,,,
Nolan Yonkman,,,,0.080,,,,,,,,,,,
Ole-Kristian Tollefsen,0.063,,,,,,,,,,,,,,
Oliver Ekman-Larsson,,,,0.066,0.085,0.027,0.047,0.091,0.073,0.110,0.051,0.039,0.096,0.087,0.094
Oliver Kylington,,,,,,,,,,,,,,,
Oliver Lauridsen,,,,,,,,,,,,,,,
Olivier Magnan,,,,0.076,,,,,,,,,,,
Olli Juolevi,,,,,,,,,,,,,,,
Olli Maatta,,,,,,,0.139,0.130,0.133,0.133,0.172,0.148,0.151,0.252,0.144
Oscar Fantenberg,,,,,,,,,,,,0.098,0.223,,
Oscar Klefbom,,,,,,,,0.142,0.201,0.160,0.134,0.109,0.169,,
Oskars Bartulis,,,,,,,,,,,,,,,
Ossi Vaananen,,0.120,,,,,,,,,,,,,
Owen Power,,,,,,,,,,,,,,,
P.K. Subban,,,,0.061,0.076,0.113,0.090,0.113,0.057,0.132,0.059,0.071,0.079,0.060,0.074
Patrice Brisebois,,,,,,,,,,,,,,,
Patrick Sieloff,,,,,,,,,,,,,,,
Patrick Wey,,,,,,,,,,,,,,,
Patrick Wiercioch,,,,,,,,,,0.050,,,,,
Patrik Nemeth,,,,,,,,,0.122,0.074,0.216,0.207,0.120,0.189,0.203
Paul LaDue,,,,,,,,,,,,,,,
Paul Mara,0.172,0.072,0.087,0.135,,,,,,,,,,,
Paul Martin,0.070,0.055,0.174,0.142,0.084,0.131,0.119,0.152,0.127,0.127,,,,,
Paul Postma,,,,,,,,,,,,,,,
Paul Ranger,0.068,0.136,,,,,0.079,,,,,,,,
Pavel Kubina,0.187,0.231,0.117,0.118,0.160,,,,,,,,,,
Peter Harrold,,0.050,,,,,0.088,0.120,,,,,,,
Petter Granberg,,,,,,,,,,,,,,,
Petteri Lindbohm,,,,,,,,,,,,,,,
Petteri Nummelin,,,,,,,,,,,,,,,
Phil Oreskovic,,,,,,,,,,,,,,,
Philip Broberg,,,,,,,,,,,,,,,
Philip Larsen,,,,,,,,,,,,,,,
Philip Samuelsson,,,,,,,,,,,,,,,
Philippe Boucher,0.113,0.169,,,,,,,,,,,,,
Philippe Myers,,,,,,,,,,,,,,0.062,
Pierre-Olivier Joseph,,,,,,,,,,,,,,,
Quinn Hughes,,,,,,,,,,,,,,,0.043
Radek Martinek,0.152,0.166,0.107,0.078,,,,,,,,,,,
Radim Simek,,,,,,,,,,,,0.057,0.050,0.149,
Radko Gudas,,,,,,,0.144,,0.204,0.094,0.192,0.168,0.155,0.104,0.119
Raman Hrabarenka,,,,,,,,,,,,,,,
Randy Jones,0.100,0.064,0.144,0.221,0.129,,,,,,,,,,
Raphael Diaz,,,,,0.114,0.134,0.154,,,,,,,,
Rasmus Andersson,,,,,,,,,,,,,0.116,0.086,0.162
Rasmus Dahlin,,,,,,,,,,,,,,,0.098
Rasmus Rissanen,,,,,,,,,,,,,,,
Rasmus Ristolainen,,,,,,,0.043,0.127,0.110,0.097,0.074,0.123,0.096,0.108,0.168
Rasmus Sandin,,,,,,,,,,,,,,,
Ray Macias,,,,,,,,,,,,,,,
Rhett Warrener,0.076,,,,,,,,,,,,,,
Richard Petiot,,0.165,,,,,,,,,,,,,
Riley Stillman,,,,,,,,,,,,,0.190,,0.206
Rinat Valiev,,,,,,,,,,,,,,,
Rob Blake,0.086,0.093,0.119,,,,,,,,,,,,
Rob Davison,0.222,,,,,,,,,,,,,,
Rob O'Gara,,,,,,,,,,,0.094,,,,
Rob Scuderi,0.130,0.118,0.096,0.070,0.129,0.097,0.107,0.109,0.072,,,,,,
Robbie Russo,,,,,,,,,,,,,,,
Robert Bortuzzo,,,,,,,0.099,0.101,0.105,0.120,0.162,0.137,0.229,0.075,0.147
Robert Hagg,,,,,,,,,,,0.151,0.103,0.145,0.088,0.147
Robin Salo,,,,,,,,,,,,,,,
Robyn Regehr,0.099,0.112,0.112,0.126,0.168,0.149,0.139,0.150,,,,,,,
Roland McKeown,,,,,,,,,,,,,,,
Roman Hamrlik,0.130,0.155,0.078,0.155,0.179,,,,,,,,,,
Roman Josi,,,,,0.096,0.091,0.092,0.172,0.151,0.122,0.126,0.108,0.087,,0.155
Roman Polak,,0.136,0.149,0.162,0.159,0.211,0.217,0.183,0.159,0.170,0.124,0.177,0.261,,
Ron Hainsey,0.065,0.107,0.115,0.093,0.166,0.131,0.041,0.079,0.080,0.110,0.109,0.109,0.093,,
Ronnie Attard,,,,,,,,,,,,,,,
Rory Fitzpatrick,,,,,,,,,,,,,,,
Rostislav Klesla,0.067,0.122,0.118,0.183,0.156,0.066,0.075,,,,,,,,
Ruslan Salei,0.108,0.112,,0.147,,,,,,,,,,,
Ryan Caldwell,,,,,,,,,,,,,,,
Ryan Ellis,,,,,,,,0.210,0.163,0.135,0.134,0.100,0.123,0.129,
Ryan Graves,,,,,,,,,,,,0.316,0.227,0.186,0.137
Ryan Lindgren,,,,,,,,,,,,,0.167,0.094,0.155
Ryan McDonagh,,,,0.165,0.139,0.126,0.139,0.161,0.144,0.116,0.222,0.151,0.206,0.182,0.139
Ryan Merkley,,,,,,,,,,,,,,,
Ryan Murphy,,,,,,,,,,,,,,,
Ryan Murray,,,,,,,0.139,,0.162,0.107,0.135,0.127,0.110,0.110,0.051
Ryan O'Byrne,,0.111,0.373,0.169,0.182,0.128,,,,,,,,,
Ryan Parent,,0.086,0.064,,,,,,,,,,,,
Ryan Pulock,,,,,,,,,,,,0.200,0.198,0.213,0.177
Ryan Sproul,,,,,,,,,,,,,,,
Ryan Stanton,,,,,,,0.244,0.187,,,,,,,
Ryan Suter,0.124,0.086,0.115,0.078,0.143,0.136,0.108,0.070,0.081,0.068,0.159,0.042,0.065,0.072,0.076
Ryan Whitney,0.095,0.108,0.054,0.137,0.065,,,,,,,,,,
Ryan Wilson,,,0.168,0.105,0.088,0.083,0.063,,,,,,,,
Sami Lepisto,,,0.073,0.158,,,,,,,,,,,
Sami Niku,,,,,,,,,,,,,,,
Sami Salo,0.025,0.064,0.076,0.079,0.093,0.149,0.103,,,,,,,,
Sami Vatanen,,,,,,,,0.198,0.138,0.150,0.144,0.064,0.128,0.114,
Samuel Girard,,,,,,,,,,,,,,0.074,0.093
Samuel Morin,,,,,,,,,,,,,,,
Sandis Ozolinsh,,,,,,,,,,,,,,,
Santeri Hatakka,,,,,,,,,,,,,,,
Scott Hannan,0.123,0.141,0.079,0.092,0.098,0.136,0.105,0.160,,,,,,,
Scott Harrington,,,,,,,,,,,,0.104,,,
Scott Mayfield,,,,,,,,,,,0.227,0.202,0.215,0.183,0.238
Scott Niedermayer,0.057,0.047,0.055,,,,,,,,,,,,
Scott Perunovich,,,,,,,,,,,,,,,
Sean Collins,,,,,,,,,,,,,,,
Sean Day,,,,,,,,,,,,,,,
Sean Durzi,,,,,,,,,,,,,,,0.197
Sean Hill,,,,,,,,,,,,,,,
Sean O'Donnell,0.033,0.043,0.112,0.062,0.109,,,,,,,,,,
Sean Walker,,,,,,,,,,,,,0.130,0.222,
Sebastian Aho,,,,,,,,,,,,0.022,0.025,0.043,0.007
Sergei Gonchar,0.080,0.081,0.088,0.084,0.081,0.099,,,,,,,,,
Sergei Zubov,0.065,,,,,,,,,,,,,,
Seth Helgeson,,,,,,,,,,,,,,,
Seth Jones,,,,,,,0.102,0.102,0.109,0.144,0.113,0.099,0.116,0.161,0.163
Shane Hnidy,0.095,0.136,0.172,,,,,,,,,,,,
Shane O'Brien,0.065,0.022,0.096,0.110,0.076,,,,,,,,,,
Shaone Morrisonn,0.061,0.108,0.110,0.171,,,,,,,,,,,
Shawn Belle,,,,,,,,,,,,,,,
Shayne Gostisbehere,,,,,,,,,,,,,,,0.057
Shea Theodore,,,,,,,,,,,,,,,
Shea Weber,0.125,0.060,0.182,0.109,0.095,0.064,0.180,0.151,0.131,0.161,0.214,0.153,0.129,0.130,
Sheldon Brookbank,0.046,,0.146,0.118,0.166,,,,,,,,,,
Sheldon Souray,0.048,0.072,0.072,,0.104,0.099,,,,,,,,,
Simon Benoit,,,,,,,,,,,,,,,0.026
Simon Despres,,,,,,,,0.166,0.167,,,,,,
Slater Koekkoek,,,,,,,,,,,,0.098,0.105,0.289,
Slava Voynov,,,,,,0.150,0.065,,,,,,,,
Staffan Kronwall,,,,,,,,,,,,,,,
Stefan Elliott,,,,,,,,,,,,,,,
Stephane Robidas,0.144,0.109,0.142,0.097,0.126,0.201,0.080,0.140,,,,,,,
Stephen Johns,,,,,,,,,,0.193,0.155,,,,
Steve Eminger,,0.102,0.128,0.195,0.236,,,,,,,,,,
Steve McCarthy,0.065,,,,,,,,,,,,,,
Steve Montador,0.031,0.107,0.033,0.125,,,,,,,,,,,
Steve Oleksy,,,,,,0.151,0.099,,,,,,,,
Steve Staios,0.145,0.114,0.274,,0.164,,,,,,,,,,
Steve Wagner,0.066,,,,,,,,,,,,,,
Steven Kampfer,,,,,,,,,0.174,,0.196,,,,
Steven Santini,,,,,,,,,,0.038,0.126,0.064,,,
Stu Bickel,,,,,,,,,,,,,,,
Stuart Percy,,,,,,,,,,,,,,,
Tarmo Reunanen,,,,,,,,,,,,,,,
Taylor Chorney,,,0.137,,,,,,0.184,,0.231,,,,
Taylor Fedun,,,,,,,,,,,,0.118,,,
Teemu Laakso,,,,,,,,,,,,,,,
Teppo Numminen,,0.071,,,,,,,,,,,,,
Theo Peckham,,,,0.156,0.103,,,,,,,,,,
Thomas Chabot,,,,,,,,,,,,0.095,,,
Thomas Harley,,,,,,,,,,,,,,,
Thomas Hickey,,,,,,0.047,0.154,0.157,0.169,0.214,0.166,0.255,,,
Thomas Pock,,0.106,,,,,,,,,,,,,
Tim Conboy,,,,,,,,,,,,,,,
Tim Erixon,,,,,,,,,,,,,,,
Tim Gleason,0.096,0.178,0.124,0.172,0.061,0.117,0.194,0.140,,,,,,,
Tim Heed,,,,,,,,,,,,,,,
Timothy Liljegren,,,,,,,,,,,,,,,0.062
TJ Brennan,,,,,,,,,,,,,,,
TJ Brodie,,,,,,,0.056,0.084,0.076,0.068,0.092,0.079,0.142,0.062,0.059
Tobias Bjornfot,,,,,,,,,,,,,,0.193,0.105
Toby Enstrom,0.062,0.129,0.139,0.125,0.054,0.054,0.140,0.108,0.152,0.161,,,,,
Tom Gilbert,0.136,0.117,0.183,0.143,0.084,0.107,0.140,0.238,0.198,,,,,,
Tom Poti,0.114,0.123,0.142,0.094,,,,,,,,,,,
Tom Preissing,0.067,,,,,,,,,,,,,,
Tomas Kaberle,0.087,0.062,,,,,,,,,,,,,
Tomas Kundratek,,,,,,0.057,,,,,,,,,
Tommy Cross,,,,,,,,,,,,,,,
Toni Lydman,0.118,0.157,0.083,0.244,0.134,0.183,,,,,,,,,
Tony DeAngelo,,,,,,,,,,,,,,,
Torey Krug,,,,,,,,,0.114,0.066,,,,,
Travis Dermott,,,,,,,,,,,,0.163,0.075,,0.084
Travis Hamonic,,,,0.089,0.131,0.120,0.119,0.164,0.140,0.189,0.124,0.215,0.172,0.093,0.159
Travis Sanheim,,,,,,,,,,,,0.101,0.079,0.114,0.135
Trevor Daley,0.066,0.110,0.159,0.110,0.141,0.078,0.167,0.162,0.109,0.142,0.163,0.095,,,
Trevor Murphy,,,,,,,,,,,,,,,
Trevor van Riemsdyk,,,,,,,,,0.100,0.138,0.172,0.098,0.084,0.212,0.131
Troy Stecher,,,,,,,,,,,0.176,0.142,0.103,,
Tucker Poolman,,,,,,,,,,,,,0.121,0.134,0.326
Ty Smith,,,,,,,,,,,,,,,
Ty Wishart,,,,,,,,,,,,,,,
Tyler Cuma,,,,,,,,,,,,,,,
Tyler Lewington,,,,,,,,,,,,,,,
Tyler Myers,,,0.123,0.079,0.095,0.124,0.099,0.097,0.108,0.277,0.103,0.096,0.098,0.130,0.118
Tyler Sloan,,0.189,0.097,,,,,,,,,,,,
Tyler Wotherspoon,,,,,,,,,,,,,,,
Tyson Barrie,,,,,,0.052,,,0.154,0.027,,,,,
Tyson Strachan,,0.170,,,,0.167,,0.213,,,,,,,
Urho Vaakanainen,,,,,,,,,,,,,,,0.213
Victor Antipin,,,,,,,,,,,,,,,
Victor Bartley,,,,,,,0.251,,,,,,,,
Victor Hedman,,,0.130,0.087,0.142,0.158,0.074,0.151,0.095,0.092,0.115,0.128,0.100,0.100,0.114
Victor Mete,,,,,,,,,,,,0.111,0.062,,0.132
Victor Soderstrom,,,,,,,,,,,,,,,
Viktor Loov,,,,,,,,,,,,,,,
Viktor Svedberg,,,,,,,,,,,,,,,
Ville Heinola,,,,,,,,,,,,,,,
Ville Koistinen,,,,,,,,,,,,,,,
Vince Dunn,,,,,,,,,,,,,,,
Vitaly Vishnevski,0.132,,,,,,,,,,,,,,
Vladimir Mihalik,,,,,,,,,,,,,,,
Vladislav Gavrikov,,,,,,,,,,,,,0.133,0.176,0.170
Vladislav Kolyachonok,,,,,,,,,,,,,,,
Wade Redden,0.072,0.051,0.056,,,,,,,,,,,,
Wes O'Neill,,,,,,,,,,,,,,,
Will Borgen,,,,,,,,,,,,,,,0.232
Will Butcher,,,,,,,,,,,,,,,
William Borgen,,,,,,,,,,,,,,,
William Lagesson,,,,,,,,,,,,,,,0.032
Willie Mitchell,0.098,0.091,0.118,0.103,0.145,,0.107,0.159,0.155,,,,,,
Wyatt Kalynuk,,,,,,,,,,,,,,,
Xavier Ouellet,,,,,,,,,,0.143,0.157,,,,
Yann Sauve,,,,,,,,,,,,,,,
Yannick Weber,,,,0.044,0.076,,,0.047,0.028,,,,,,
Yohann Auvitu,,,,,,,,,,,,,,,
Zac Jones,,,,,,,,,,,,,,,
Zach Bogosian,,0.101,0.131,0.069,0.123,0.093,0.113,0.108,0.077,0.102,,0.100,0.104,0.062,
Zach Redmond,,,,,,,,,,,,,,,
Zach Trotman,,,,,,,,,0.117,,,,,,
Zach Werenski,,,,,,,,,,0.202,0.085,0.047,0.056,0.061,0.085
Zach Whitecloud,,,,,,,,,,,,,,0.156,0.263
Zachary Hayes,,,,,,,,,,,,,,,
Zbynek Michalek,0.120,0.254,0.148,0.156,0.168,0.235,0.222,0.256,0.156,,,,,,
Zdeno Chara,0.071,0.145,0.071,0.100,0.037,0.065,0.126,0.130,0.112,0.127,0.161,0.080,0.152,0.115,0.064