Player,Position,Birthdate,2007-08,2008-09,2009-10,2010-11,2011-12,2012-13,2013-14,2014-15,2015-16,2016-17,2017-18,2018-19,2019-20,2020-21,2021-22
A.J. Greer,F,12/14/1996,,,,,,,,,,,,,,,
Aaron Downey,F,8/27/1974,,,,,,,,,,,,,,,
Aaron Gagnon,F,4/24/1986,,,,,,,,,,,,,,,
Aaron Palushaj,F,9/7/1989,,,,,,,,,,,,,,,
Aaron Volpatti,F,5/30/1985,,,,,,,,,,,,,,,
Aaron Voros,F,7/2/1981,-0.025,0.005,,,,,,,,,,,,,
Adam Beckman,F,5/10/2001,,,,,,,,,,,,,,,
Adam Berti,F,7/1/1986,,,,,,,,,,,,,,,
Adam Brooks,F,5/6/1996,,,,,,,,,,,,,,,
Adam Burish,F,1/6/1983,,,,,-0.013,,,,,,,,,,
Adam Cracknell,F,7/15/1985,,,,,,,,,,,,,,,
Adam Erne,F,4/20/1995,,,,,,,,,,,,0.043,-0.013,0.029,-0.005
Adam Gaudette,F,10/3/1996,,,,,,,,,,,,-0.018,0.022,-0.024,-0.007
Adam Hall,F,8/14/1980,,,,,,,,,,,,,,,
Adam Henrique,F,2/6/1990,,,,,-0.016,0.003,0.022,0.012,0.019,0.009,0.003,0.018,-0.002,-0.016,0.026
Adam Lowry,F,3/29/1993,,,,,,,,-0.017,,-0.004,-0.003,,,-0.040,-0.015
Adam Mair,F,2/15/1979,,,,,,,,,,,,,,,
Adam Ruzicka,F,5/11/1999,,,,,,,,,,,,,,,
Adrian Kempe,F,9/13/1996,,,,,,,,,,,-0.010,-0.014,-0.012,0.000,-0.001
Akim Aliu,F,4/24/1989,,,,,,,,,,,,,,,
Alan Quine,F,2/25/1993,,,,,,,,,,0.010,,,,,
Aleksander Barkov,F,9/2/1995,,,,,,,0.006,-0.007,0.011,-0.010,-0.011,0.022,0.000,0.007,0.022
Aleksi Heponiemi,F,1/9/1999,,,,,,,,,,,,,,,
Aleksi Saarela,F,1/7/1997,,,,,,,,,,,,,,,
Ales Hemsky,F,8/13/1983,0.014,-0.003,0.021,-0.011,0.000,0.024,0.006,0.002,-0.003,,,,,,
Ales Kotalik,F,12/23/1978,0.026,0.029,0.003,0.020,,,,,,,,,,,
Alex Barre-Boulet,F,5/21/1997,,,,,,,,,,,,,,0.010,
Alex Barré-Boulet,F,5/21/1997,,,,,,,,,,,,,,,
Alex Belzile,F,8/31/1991,,,,,,,,,,,,,,,
Alex Broadhurst,F,3/7/1993,,,,,,,,,,,,,,,
Alex Chiasson,F,10/1/1990,,,,,,,-0.020,-0.015,0.010,-0.030,-0.009,0.005,-0.002,0.000,0.012
Alex DeBrincat,F,12/18/1997,,,,,,,,,,,0.013,0.020,0.010,0.022,0.013
Alex Formenton,F,9/13/1999,,,,,,,,,,,,,,,-0.015
Alex Frolov,F,6/19/1982,-0.003,0.023,0.011,-0.019,,,,,,,,,,,
Alex Galchenyuk,F,2/12/1994,,,,,,-0.032,-0.011,-0.015,0.012,0.019,0.001,0.008,-0.005,0.006,-0.009
Alex Iafallo,F,12/21/1993,,,,,,,,,,,-0.024,-0.005,0.003,-0.007,-0.016
Alex Khokhlachev,F,9/9/1993,,,,,,,,,,,,,,,
Alex Killorn,F,9/14/1989,,,,,,-0.001,-0.003,-0.012,-0.011,0.007,-0.008,-0.003,0.025,0.010,0.001
Alex Kovalev,F,2/24/1973,0.034,0.019,0.009,0.016,,0.019,,,,,,,,,
Alex Newhook,F,1/28/2001,,,,,,,,,,,,,,,0.011
Alex Nylander,F,3/2/1998,,,,,,,,,,,,,-0.010,,
Alex Ovechkin,F,9/17/1985,0.021,0.008,0.001,-0.008,0.015,0.035,0.028,0.035,0.011,0.026,0.022,0.025,0.020,0.028,0.024
Alex Tanguay,F,11/21/1979,0.007,0.003,0.012,0.004,-0.002,0.015,0.000,0.005,0.004,,,,,,
Alex Tuch,F,5/10/1996,,,,,,,,,,,-0.019,-0.013,0.004,-0.002,-0.006
Alex Turcotte,F,2/26/2001,,,,,,,,,,,,,,,
Alex Wennberg,F,9/22/1994,,,,,,,,,,,,,,0.012,-0.001
Alexander Barabanov,F,6/17/1994,,,,,,,,,,,,,,,0.002
Alexander Burmistrov,F,10/21/1991,,,,,-0.004,-0.018,,,-0.005,0.049,,,,,
Alexander Holtz,F,1/23/2002,,,,,,,,,,,,,,,
Alexander Kerfoot,F,8/11/1994,,,,,,,,,,,0.011,0.007,-0.008,-0.019,
Alexander Nikulin,F,8/25/1985,,,,,,,,,,,,,,,
Alexander Nylander,F,3/2/1998,,,,,,,,,,,,,,,
Alexander Radulov,F,7/5/1986,0.000,,,,,,,,,0.021,0.008,0.014,0.019,0.016,-0.005
Alexander Semin,F,3/3/1984,0.009,0.009,0.002,0.003,-0.008,0.000,0.000,-0.012,0.001,,,,,,
Alexander Steen,F,3/1/1984,-0.002,0.003,0.017,-0.021,0.008,0.000,0.013,0.014,-0.005,0.005,0.007,0.014,,,
Alexander True,F,7/17/1997,,,,,,,,,,,,,,,
Alexander Vasyunov,F,4/22/1988,,,,,,,,,,,,,,,
Alexander Volkov,F,8/2/1997,,,,,,,,,,,,,,,
Alexander Wennberg,F,9/22/1994,,,,,,,,-0.002,-0.022,0.000,0.000,-0.003,-0.005,,
Alexandre Bolduc,F,6/26/1985,,,,,,,,,,,,,,,
Alexandre Burrows,F,4/11/1981,,-0.012,0.012,0.004,-0.004,-0.023,-0.004,0.000,-0.004,0.010,0.010,,,,
Alexandre Fortin,F,2/25/1997,,,,,,,,,,,,,,,
Alexandre Giroux,F,6/16/1981,,,,,,,,,,,,,,,
Alexandre Picard,D,7/5/1985,0.013,0.024,-0.007,0.027,,,,,,,,,,,
Alexandre Texier,F,9/13/1999,,,,,,,,,,,,,,-0.028,
Alexei Ponikarovsky,F,4/9/1980,-0.018,0.006,0.001,0.000,0.009,,,,,,,,,,
Alexei Toropchenko,F,6/25/1999,,,,,,,,,,,,,,,
Alexis Lafrenière,F,10/11/2001,,,,,,,,,,,,,,-0.009,-0.017
Aliaksei Protas,F,1/6/2001,,,,,,,,,,,,,,,-0.010
Anders Bjork,F,8/5/1996,,,,,,,,,,,,,,,
Anders Lee,F,7/3/1990,,,,,,,0.000,-0.007,0.005,0.007,0.007,-0.004,-0.015,0.020,0.017
Andre Burakovsky,F,2/9/1995,,,,,,,,0.019,-0.018,0.002,0.007,,-0.005,0.018,0.011
Andre Deveaux,F,2/23/1984,,,,,,,,,,,,,,,
Andre Roy,F,2/8/1975,,,,,,,,,,,,,,,
Andreas Athanasiou,F,8/6/1994,,,,,,,,,,-0.005,-0.013,-0.005,0.004,-0.013,-0.027
Andreas Johnsson,F,11/21/1994,,,,,,,,,,,,-0.006,0.016,0.006,0.002
Andreas Karlsson,F,8/19/1975,,,,,,,,,,,,,,,
Andreas Martinsen,F,6/13/1990,,,,,,,,,,,,,,,
Andreas Nodl,F,2/28/1987,,,,,,,,,,,,,,,
Andrei Kostitsyn,F,2/3/1985,0.024,0.001,0.010,0.005,0.021,,,,,,,,,,
Andrei Loktionov,F,5/30/1990,,,,-0.007,,0.008,0.006,,,,,,,,
Andrei Svechnikov,F,3/26/2000,,,,,,,,,,,,-0.035,0.002,0.004,-0.003
Andrej Nestrasil,F,2/22/1991,,,,,,,,0.008,-0.002,,,,,,
Andrew Agozzino,F,1/3/1991,,,,,,,,,,,,,,,
Andrew Brunette,F,8/24/1973,0.018,0.024,0.023,0.016,0.016,,,,,,,,,,
Andrew Cogliano,F,6/14/1987,-0.007,0.004,-0.012,-0.010,0.030,,,,,,,,,,
Andrew Copp,F,7/8/1994,,,,,,,,,,,,,0.001,0.021,-0.018
Andrew Desjardins,F,7/27/1986,,,,,,,,,,,,,,,
Andrew Ebbett,F,1/2/1983,,0.032,0.034,,,,,,,,,,,,
Andrew Gordon,F,12/13/1985,,,,,,,,,,,,,,,
Andrew Ladd,F,12/12/1985,-0.017,-0.007,-0.012,0.010,-0.012,-0.003,0.000,0.000,0.020,0.001,-0.012,,,,0.007
Andrew Mangiapane,F,4/4/1996,,,,,,,,,,,,,-0.032,0.004,0.021
Andrew Miller,F,9/18/1988,,,,,,,,,,,,,,,
Andrew Murray,F,11/6/1981,,,,,,,,,,,,,,,
Andrew Peters,F,5/5/1980,,,,,,,,,,,,,,,
Andrew Poturalski,F,1/14/1994,,,,,,,,,,,,,,,
Andrew Shaw,F,7/20/1991,,,,,-0.018,-0.004,0.001,0.004,0.005,-0.008,0.017,-0.008,-0.003,0.016,
Andy Andreoff,F,5/17/1991,,,,,,,,,,,,,,,
Andy Hilbert,F,2/6/1981,,0.000,,,,,,,,,,,,,
Andy McDonald,F,8/25/1977,-0.004,0.010,0.004,0.008,0.029,-0.009,,,,,,,,,
Andy Miele,F,4/15/1988,,,,,,,,,,,,,,,
Anthony Angello,F,3/6/1996,,,,,,,,,,,,,,,
Anthony Beauvillier,F,6/8/1997,,,,,,,,,,-0.018,0.018,-0.025,-0.004,0.013,0.011
Anthony Cirelli,F,7/15/1997,,,,,,,,,,,,,-0.001,-0.004,0.008
Anthony Duclair,F,8/26/1995,,,,,,,,,0.003,-0.026,0.005,0.037,0.001,-0.003,0.021
Anthony Mantha,F,9/16/1994,,,,,,,,,,-0.006,0.019,0.015,0.020,0.002,-0.011
Anthony Peluso,F,4/18/1989,,,,,,,,,,,,,,,
Anthony Stewart,F,1/5/1985,,,,0.017,,,,,,,,,,,
Antoine Roussel,F,11/21/1989,,,,,,,,-0.028,-0.005,-0.020,,,-0.006,,
Antoine Vermette,F,7/20/1982,0.003,-0.003,0.010,-0.008,0.005,0.007,0.009,0.020,0.014,0.021,0.012,,,,
Anton Blidh,F,3/14/1995,,,,,,,,,,,,,,,
Anton Lander,F,4/24/1991,,,,,,,,0.017,-0.013,,,,,,
Anton Lundell,F,10/3/2001,,,,,,,,,,,,,,,0.000
Anton Rodin,F,11/21/1990,,,,,,,,,,,,,,,
Anton Slepyshev,F,5/13/1994,,,,,,,,,,,,,,,
Antti Miettinen,F,7/3/1980,0.006,-0.001,0.003,0.019,0.001,,,,,,,,,,
Antti Pihlstrom,F,10/22/1984,,,,,,,,,,,,,,,
Antti Suomela,F,3/17/1994,,,,,,,,,,,,,,,
Anze Kopitar,F,8/24/1987,0.011,-0.002,0.023,0.001,0.001,-0.012,0.012,0.013,0.001,0.003,0.015,-0.007,0.022,0.011,0.010
Arron Asham,F,4/13/1978,-0.010,,,,,,,,,,,,,,
Artem Anisimov,F,5/24/1988,,,-0.014,-0.018,0.001,0.001,-0.017,-0.022,0.014,0.002,0.025,-0.016,0.019,0.000,
Artemi Panarin,F,10/30/1991,,,,,,,,,0.012,0.017,0.004,0.008,0.010,0.005,0.000
Arthur Kaliyev,F,6/26/2001,,,,,,,,,,,,,,,0.011
Arttu Ruotsalainen,F,10/29/1997,,,,,,,,,,,,,,,
Artturi Lehkonen,F,7/4/1995,,,,,,,,,,-0.001,0.001,-0.025,,,0.003
Austin Czarnik,F,12/12/1992,,,,,,,,,,-0.015,,-0.014,,,
Austin Poganski,F,2/16/1996,,,,,,,,,,,,,,,
Austin Wagner,F,6/23/1997,,,,,,,,,,,,,,,
Austin Watson,F,1/13/1992,,,,,,,,,,,,,,,
Auston Matthews,F,9/17/1997,,,,,,,,,,0.005,0.009,0.023,0.020,0.021,0.026
Axel Jonsson-Fjallby,F,2/10/1998,,,,,,,,,,,,,,,
B.J. Crombeen,F,7/10/1985,,,,,,,,,,,,,,,
Barclay Goodrow,F,2/26/1993,,,,,,,,,,,,,-0.034,,-0.027
Barrett Hayton,F,6/9/2000,,,,,,,,,,,,,,-0.005,-0.001
Barry Tallackson,F,4/14/1983,,,,,,,,,,,,,,,
Bates Battaglia,F,12/13/1975,,,,,,,,,,,,,,,
Beau Bennett,F,11/27/1991,,,,,,0.003,,-0.022,0.004,-0.004,,,,,
Ben Eager,F,1/22/1984,,,,,,,,,,,,,,,
Ben Guite,F,7/17/1978,,,,,,,,,,,,,,,
Ben Hanowski,F,10/18/1990,,,,,,,,,,,,,,,
Ben Holmstrom,F,4/9/1987,,,,,,,,,,,,,,,
Ben Jones,F,2/26/1999,,,,,,,,,,,,,,,
Ben Maxwell,F,3/30/1988,,,,,,,,,,,,,,,
Ben Meyers,F,11/15/1998,,,,,,,,,,,,,,,
Ben Ondrus,F,6/25/1982,,,,,,,,,,,,,,,
Ben Smith,F,7/11/1988,,,,,,,,,,,,,,,
Ben Street,F,2/13/1987,,,,,,,,,,,,,,,
Ben Thomson,F,1/16/1993,,,,,,,,,,,,,,,
Ben Walter,F,5/11/1984,,,,,,,,,,,,,,,
Benn Ferriero,F,4/29/1987,,,,-0.007,,,,,,,,,,,
Benoit Pouliot,F,9/29/1986,,0.003,0.011,-0.014,-0.005,-0.022,0.019,0.008,0.003,-0.013,0.014,,,,
Benoit-Olivier Groulx,F,2/6/2000,,,,,,,,,,,,,,,
Bill Guerin,F,11/9/1970,0.009,0.007,0.013,,,,,,,,,,,,
Bill Thomas,F,6/20/1983,,,,,,,,,,,,,,,
Blair Betts,F,2/16/1980,,,,,,,,,,,,,,,
Blair Jones,F,9/27/1986,,,,,-0.021,,,,,,,,,,
Blake Coleman,F,11/28/1991,,,,,,,,,,,,0.012,,,
Blake Comeau,F,2/18/1986,0.022,-0.008,-0.017,0.007,-0.027,,,-0.016,0.002,0.031,,,,,
Blake Geoffrion,F,2/3/1988,,,,,,,,,,,,,,,
Blake Lizotte,F,12/13/1997,,,,,,,,,,,,,0.001,,
Blake Pietila,F,2/20/1993,,,,,,,,,,,,,,,
Blake Speers,F,1/2/1997,,,,,,,,,,,,,,,
Blake Wheeler,F,8/31/1986,,0.016,-0.008,-0.015,0.006,-0.003,0.009,-0.015,-0.006,-0.003,0.010,0.000,0.008,0.017,0.006
Bo Horvat,F,4/5/1995,,,,,,,,,0.000,0.001,0.022,-0.004,0.020,0.007,0.024
Bobby Brink,F,7/8/2001,,,,,,,,,,,,,,,-0.007
Bobby Butler,F,4/26/1987,,,,-0.008,-0.009,-0.003,,,,,,,,,
Bobby Farnham,F,1/21/1989,,,,,,,,,,,,,,,
Bobby Holik,F,1/1/1971,0.017,,,,,,,,,,,,,,
Bobby Ryan,F,3/17/1987,0.028,0.034,0.008,-0.006,-0.009,0.001,0.005,-0.008,0.014,-0.001,-0.002,0.018,-0.020,-0.002,
Bokondji Imama,F,8/3/1996,,,,,,,,,,,,,,,
Boo Nieves,F,1/23/1994,,,,,,,,,,,,,,,
Boone Jenner,F,6/15/1993,,,,,,,0.015,-0.003,0.002,-0.017,-0.004,-0.011,-0.003,-0.003,0.012
Boris Katchouk,F,6/18/1998,,,,,,,,,,,,,,,
Borna Rendulic,F,3/25/1992,,,,,,,,,,,,,,,
Boyd Devereaux,F,4/16/1978,,,,,,,,,,,,,,,
Boyd Gordon,F,10/19/1983,,,,,,,-0.012,-0.007,,,,,,,
Bracken Kearns,F,5/12/1981,,,,,,,,,,,,,,,
Brad Boyes,F,4/17/1982,0.015,0.020,-0.015,0.004,-0.007,-0.011,-0.004,0.016,-0.006,,,,,,
Brad Isbister,F,5/7/1977,,,,,,,,,,,,,,,
Brad Larsen,F,6/28/1977,,,,,,,,,,,,,,,
Brad Malone,F,5/20/1989,,,,,,,,,,,,,,,
Brad Marchand,F,5/11/1988,,,,0.027,0.004,0.038,0.017,0.014,0.044,0.013,0.015,0.022,-0.001,0.009,0.013
Brad May,F,11/29/1971,,,,,,,,,,,,,,,
Brad Mills,F,5/3/1983,,,,,,,,,,,,,,,
Brad Richards,F,5/2/1980,0.012,0.005,0.010,0.001,-0.003,0.009,0.000,0.003,0.004,,,,,,
Brad Richardson,F,2/4/1985,,,,,,,,,,,,,,,
Brad Staubitz,F,7/28/1984,,,,,,,,,,,,,,,
Brad Winchester,F,3/1/1981,,0.017,-0.006,0.006,,,,,,,,,,,
Brady Murray,F,8/17/1984,,,,,,,,,,,,,,,
Brady Tkachuk,F,9/16/1999,,,,,,,,,,,,-0.022,-0.031,-0.021,-0.021
Brandon Baddock,F,3/29/1995,,,,,,,,,,,,,,,
Brandon Biro,F,3/11/1998,,,,,,,,,,,,,,,
Brandon Bochenski,F,4/4/1982,-0.016,,0.000,,,,,,,,,,,,
Brandon Bollig,F,1/31/1987,,,,,,,,,,,,,,,
Brandon Dubinsky,F,4/29/1986,-0.015,-0.010,0.013,-0.006,-0.021,-0.005,-0.002,-0.016,0.002,0.006,,,,,
Brandon Duhaime,F,5/22/1997,,,,,,,,,,,,,,,
Brandon Hagel,F,8/27/1998,,,,,,,,,,,,,,-0.022,0.017
Brandon Kozun,F,3/8/1990,,,,,,,,,,,,,,,
Brandon Mashinter,F,9/20/1988,,,,,,,,,,,,,,,
Brandon McMillan,F,3/22/1990,,,,,,,,,,,,,,,
Brandon Nolan,F,7/18/1983,,,,,,,,,,,,,,,
Brandon Pirri,F,4/10/1991,,,,,,,0.014,0.044,-0.003,0.000,,0.008,,,
Brandon Prust,F,3/16/1984,,,,,,,,,,,,,,,
Brandon Saad,F,10/27/1992,,,,,,-0.017,0.002,-0.002,0.006,-0.005,-0.017,0.021,-0.003,0.014,0.019
Brandon Segal,F,7/12/1983,,,,,,,,,,,,,,,
Brandon Sutter,F,2/14/1989,,,-0.001,-0.005,0.020,0.026,0.002,0.006,-0.010,-0.006,,,0.014,,
Brandon Tanev,F,12/31/1991,,,,,,,,,,,,,,,
Brandon Yip,F,4/25/1985,,,0.032,0.001,,,,,,,,,,,
Branko Radivojevic,F,11/24/1980,,,,,,,,,,,,,,,
Brayden Point,F,3/13/1996,,,,,,,,,,0.003,-0.003,0.046,0.011,0.007,0.004
Brayden Schenn,F,8/22/1991,,,,,0.017,-0.008,-0.004,-0.018,0.003,0.014,-0.001,0.002,0.022,0.014,0.020
Brendan Gallagher,F,5/6/1992,,,,,,-0.017,0.010,-0.030,-0.013,-0.019,-0.021,-0.008,-0.011,0.009,-0.002
Brendan Gaunce,F,3/25/1994,,,,,,,,,,,,,,,
Brendan Leipsic,F,5/19/1994,,,,,,,,,,,-0.025,-0.006,,,
Brendan Lemieux,F,3/15/1996,,,,,,,,,,,,,0.005,,
Brendan Morrison,F,8/15/1975,0.016,0.010,0.014,0.016,0.007,,,,,,,,,,
Brendan Perlini,F,4/27/1996,,,,,,,,,,0.008,0.009,0.005,-0.024,,
Brendan Shanahan,F,1/23/1969,0.008,0.004,,,,,,,,,,,,,
Brendan Shinnimin,F,1/7/1991,,,,,,,,,,,,,,,
Brenden Morrow,F,1/16/1979,-0.002,-0.008,-0.001,-0.010,0.011,-0.001,0.046,,,,,,,,
Brett Bulmer,F,4/26/1992,,,,,,,,,,,,,,,
Brett Connolly,F,5/2/1992,,,,,-0.003,,,-0.002,0.002,,0.024,-0.003,0.025,,
Brett Howden,F,3/29/1998,,,,,,,,,,,,-0.022,,,
Brett Leason,F,4/30/1999,,,,,,,,,,,,,,,
Brett MacLean,F,12/24/1988,,,,,,,,,,,,,,,
Brett McLean,F,8/14/1978,0.001,-0.014,,,,,,,,,,,,,
Brett Murray,F,7/20/1998,,,,,,,,,,,,,,,
Brett Ritchie,F,7/1/1993,,,,,,,,-0.029,,-0.013,-0.018,0.017,,,
Brett Seney,F,2/28/1996,,,,,,,,,,,,,,,
Brett Sterling,F,4/24/1984,,,,,,,,,,,,,,,
Brett Sutter,F,6/2/1987,,,,,,,,,,,,,,,
Brian Boyle,F,12/18/1984,,,,0.042,-0.029,,,,0.009,0.001,0.014,0.016,0.016,,
Brian Ferlin,F,6/3/1992,,,,,,,,,,,,,,,
Brian Flynn,F,7/26/1988,,,,,,,,-0.023,,,,,,,
Brian Gibbons,F,2/26/1988,,,,,,,,,,,,,,,
Brian Gionta,F,1/18/1979,-0.007,-0.016,0.004,-0.004,-0.001,0.025,-0.003,0.007,0.003,0.018,0.016,,,,
Brian McGrattan,F,9/2/1981,,,,,,,,,,,,,,,
Brian O'Neill,F,6/1/1988,,,,,,,,,,,,,,,
Brian Rolston,F,2/21/1973,0.022,0.017,0.021,0.025,0.001,,,,,,,,,,
Brian Sutherby,F,3/1/1982,,,,,,,,,,,,,,,
Brian Willsie,F,3/16/1978,,,,,,,,,,,,,,,
Brock Boeser,F,2/25/1997,,,,,,,,,,,0.022,-0.003,-0.002,0.013,0.005
Brock McGinn,F,2/2/1994,,,,,,,,,,,,,,,
Brock Nelson,F,10/15/1991,,,,,,,-0.007,-0.001,-0.009,-0.019,0.010,-0.015,-0.006,0.013,0.041
Brooks Laich,F,6/23/1983,0.055,0.008,-0.004,-0.018,0.004,,-0.010,,,,,,,,
Bryan Bickell,F,3/9/1986,,,,0.011,-0.016,,,0.008,,,,,,,
Bryan Lerg,F,1/20/1986,,,,,,,,,,,,,,,
Bryan Little,F,11/12/1987,-0.001,0.012,-0.011,-0.013,0.002,0.001,0.007,0.014,-0.005,0.030,-0.001,0.017,,,
Bryan Rust,F,5/11/1992,,,,,,,,,,,0.014,,0.028,0.007,-0.001
Bryan Smolinski,F,12/27/1971,-0.015,,,,,,,,,,,,,,
Bryce Van Brabant,F,11/12/1991,,,,,,,,,,,,,,,
Buddy Robinson,F,9/30/1991,,,,,,,,,,,,,,,
Byron Bitz,F,7/21/1984,,,,,,,,,,,,,,,
Byron Froese,F,3/12/1991,,,,,,,,,,,,,,,
Byron Ritchie,F,4/24/1977,-0.010,,,,,,,,,,,,,,
C.J. Smith,F,12/1/1994,,,,,,,,,,,,,,,
Cal Clutterbuck,F,11/18/1987,,0.005,-0.004,0.004,-0.007,,-0.037,,,,,0.010,,,
Cal O'Reilly,F,9/30/1986,,,-0.006,-0.007,0.015,,,,0.020,,,,,,
Calle Jarnkrok,F,9/25/1991,,,,,,,,,0.016,0.015,0.004,0.000,0.004,0.006,0.004
Cam Atkinson,F,6/5/1989,,,,,-0.002,0.004,-0.018,0.002,-0.007,0.014,-0.007,0.008,0.012,-0.004,-0.013
Cam Janssen,F,4/15/1984,,,,,,,,,,,,,,,
Cam Paddock,F,3/22/1983,,,,,,,,,,,,,,,
Cameron Hillis,F,6/24/2000,,,,,,,,,,,,,,,
Carl Grundstrom,F,12/1/1997,,,,,,,,,,,,-0.087,,-0.023,
Carl Hagelin,F,8/23/1988,,,,,,0.007,,,,,,,,,
Carl Soderberg,F,10/12/1985,,,,,,,0.010,0.003,-0.006,-0.016,0.002,-0.003,0.028,0.041,
Carsen Twarynski,F,11/24/1997,,,,,,,,,,,,,,,
Carson McMillan,F,9/10/1988,,,,,,,,,,,,,,,
Carson Meyer,F,8/18/1997,,,,,,,,,,,,,,,
Carter Ashton,F,4/1/1991,,,,,,,,,,,,,,,
Carter Rowney,F,5/10/1989,,,,,,,,,,,,,,,
Carter Verhaeghe,F,8/14/1995,,,,,,,,,,,,,,0.003,-0.011
Casey Bailey,F,10/27/1991,,,,,,,,,,,,,,,
Casey Cizikas,F,2/27/1991,,,,,,,,,,,,,,,
Casey Mittelstadt,F,11/22/1998,,,,,,,,,,,,-0.007,0.000,0.010,-0.006
Casey Wellman,F,10/18/1987,,,,,,,,,,,,,,,
Cedric Paquette,F,8/13/1993,,,,,,,,,,,,,,,
Chad Kilger,F,11/27/1976,,,,,,,,,,,,,,,
Chad Kolarik,F,1/26/1986,,,,,,,,,,,,,,,
Chad LaRose,F,3/27/1982,,-0.017,,0.040,-0.008,-0.018,,,,,,,,,
Chad Rau,F,1/18/1987,,,,,,,,,,,,,,,
Chandler Stephenson,F,4/22/1994,,,,,,,,,,,,,0.013,-0.001,0.012
Charles Hudon,F,6/23/1994,,,,,,,,,,,0.000,-0.010,,,
Charlie Coyle,F,3/2/1992,,,,,,,-0.001,-0.013,-0.007,0.003,-0.007,-0.008,-0.014,-0.010,-0.003
Chase De Leo,F,10/25/1995,,,,,,,,,,,,,,,
Chris Bourque,F,1/29/1986,,,,,,-0.014,,,,,,,,,
Chris Brown,F,2/3/1991,,,,,,,,,,,,,,,
Chris Clark,F,3/8/1976,-0.006,-0.013,-0.015,0.036,,,,,,,,,,,
Chris Conner,F,12/23/1983,,,,-0.001,,,,,,,,,,,
Chris Drury,F,8/20/1976,0.005,0.008,-0.011,,,,,,,,,,,,
Chris Gratton,F,7/5/1975,-0.004,,,,,,,,,,,,,,
Chris Higgins,F,6/2/1983,0.012,-0.020,-0.025,-0.012,-0.003,-0.022,-0.002,-0.007,,,,,,,
Chris Kelly,F,11/11/1980,,,,,,,,,,,,,,,
Chris Kreider,F,4/30/1991,,,,,,,0.012,0.015,-0.004,-0.012,0.010,-0.004,0.000,0.014,0.053
Chris Kunitz,F,9/26/1979,0.004,0.007,-0.020,0.006,-0.008,0.019,0.020,0.015,0.002,-0.013,,,,,
Chris Minard,F,11/18/1981,,,,,,,,,,,,,,,
Chris Mueller,F,3/6/1986,,,,,,,,,,,,,,,
Chris Neil,F,6/18/1979,-0.015,-0.001,-0.001,-0.024,-0.006,-0.008,-0.046,,,,,,,,
Chris Porter,F,5/29/1984,,,,,,,,,,,,,,,
Chris Simon,F,1/30/1972,,,,,,,,,,,,,,,
Chris Stewart,F,10/30/1987,,-0.009,-0.016,0.032,-0.010,0.025,0.002,-0.002,-0.012,,,,,,
Chris Terry,F,4/7/1989,,,,,,,,0.024,-0.014,,,,,,
Chris Thorburn,F,6/3/1983,,,,0.034,,,,,,,,,,,
Chris Tierney,F,7/1/1994,,,,,,,,0.006,,,0.016,-0.012,0.003,,0.019
Chris VandeVelde,F,3/15/1987,,,,,,,,,,,,,,,
Chris Wagner,F,5/27/1991,,,,,,,,,,,,,,,
Christian Dvorak,F,2/2/1996,,,,,,,,,,-0.001,-0.027,,0.000,0.023,-0.013
Christian Fischer,F,4/15/1997,,,,,,,,,,,-0.009,-0.017,,,0.002
Christian Hanson,F,3/10/1986,,,-0.020,,,,,,,,,,,,
Christian Thomas,F,5/26/1992,,,,,,,,,,,,,,,
Christoffer Ehn,F,4/5/1996,,,,,,,,,,,,,,,
Christoph Bertschy,F,4/5/1994,,,,,,,,,,,,,,,
Christopher DiDomenico,F,2/20/1989,,,,,,,,,,,0.035,,,,
Chuck Kobasew,F,4/17/1982,0.011,0.025,0.024,,,,,,,,,,,,
CJ Suess,F,3/17/1994,,,,,,,,,,,,,,,
Clark Bishop,F,3/29/1996,,,,,,,,,,,,,,,
Clarke MacArthur,F,4/6/1985,-0.002,0.015,0.000,0.011,0.005,0.007,0.017,0.003,,,,,,,
Claude Giroux,F,1/12/1988,,0.010,0.011,0.007,-0.006,0.015,0.000,0.034,0.003,-0.003,0.017,-0.006,0.016,-0.007,0.009
Claude Lemieux,F,7/16/1965,,,,,,,,,,,,,,,
Clayton Keller,F,7/29/1998,,,,,,,,,,,-0.008,-0.018,-0.014,0.009,0.004
Cody Almond,F,7/24/1989,,,,,,,,,,,,,,,
Cody Bass,F,1/7/1987,,,,,,,,,,,,,,,
Cody Eakin,F,5/24/1991,,,,,,0.030,-0.006,0.003,-0.007,-0.023,-0.006,-0.012,,,
Cody Glass,F,4/1/1999,,,,,,,,,,,,,-0.002,0.028,
Cody Hodgson,F,2/18/1990,,,,,0.011,0.002,0.014,-0.023,,,,,,,
Cody McCormick,F,4/18/1983,,,,,,,,,,,,,,,
Cody McLeod,F,6/26/1984,,-0.024,,,,,,-0.043,,,,,,,
Colby Armstrong,F,11/23/1982,0.002,0.008,-0.001,-0.008,,,,,,,,,,,
Colby Cave,F,12/26/1994,,,,,,,,,,,,,,,
Cole Caufield,F,1/2/2001,,,,,,,,,,,,,,,-0.004
Cole Perfetti,F,1/1/2002,,,,,,,,,,,,,,,
Cole Schneider,F,8/26/1990,,,,,,,,,,,,,,,
Cole Schwindt,F,4/25/2001,,,,,,,,,,,,,,,
Cole Sillinger,F,5/16/2003,,,,,,,,,,,,,,,-0.035
Cole Smith,F,10/28/1995,,,,,,,,,,,,,,,
Colin Blackwell,F,3/28/1993,,,,,,,,,,,,,,0.026,
Colin Fraser,F,1/28/1985,,,,,,,,,,,,,,,
Colin Greening,F,3/9/1986,,,,,-0.014,0.001,0.043,,-0.024,,,,,,
Colin McDonald,F,9/30/1984,,,,,,,,,,,,,,,
Colin Stuart,F,7/8/1982,,,,,,,,,,,,,,,
Colin White,D,12/12/1977,,,,,,,,,,,,0.011,0.007,0.025,0.003
Colin Wilson,F,10/20/1989,,,0.003,-0.005,0.003,0.023,0.003,-0.012,-0.019,0.017,-0.016,0.014,,,
Colton Gillies,F,2/12/1989,,,,,,,,,,,,,,,
Colton Orr,F,3/3/1982,,,,,,,,,,,,,,,
Colton Sceviour,F,4/20/1989,,,,,,,0.001,-0.020,-0.002,0.001,,,,,
Colton Sissons,F,11/5/1993,,,,,,,,,,,-0.014,-0.017,,,-0.011
Connor Brickley,F,2/25/1992,,,,,,,,,,,,,,,
Connor Brown,F,1/14/1994,,,,,,,,,,0.005,-0.008,,0.004,-0.001,-0.009
Connor Bunnaman,F,4/16/1998,,,,,,,,,,,,,,,
Connor Dewar,F,6/26/1999,,,,,,,,,,,,,,,
Connor James,F,8/25/1982,,,,,,,,,,,,,,,
Connor McDavid,F,1/13/1997,,,,,,,,,-0.002,-0.004,0.001,0.002,0.020,0.010,0.002
Connor McMichael,F,1/15/2001,,,,,,,,,,,,,,,
Conor Garland,F,3/11/1996,,,,,,,,,,,,0.001,-0.006,0.002,-0.006
Conor Sheary,F,6/8/1992,,,,,,,,,-0.008,-0.012,0.006,0.016,-0.005,0.006,-0.009
Cooper Marody,F,12/20/1996,,,,,,,,,,,,,,,
Corban Knight,F,9/10/1990,,,,,,,,,,,,,,,
Corey Locke,F,5/8/1984,,,,,,,,,,,,,,,
Corey Perry,F,5/16/1985,0.010,0.004,-0.012,0.014,0.009,0.011,-0.014,-0.013,0.016,-0.020,-0.008,0.018,-0.007,-0.008,0.015
Corey Tropp,F,7/25/1989,,,,,,,,,,,,,,,
Cory Conacher,F,12/14/1989,,,,,,0.000,-0.009,,,,,,,,
Cory Emmerton,F,6/1/1988,,,,,,,,,,,,,,,
Cory Stillman,F,12/20/1973,0.022,0.021,0.003,0.007,,,,,,,,,,,
Craig Adams,F,4/26/1977,,,,,,,,,,,,,,,
Craig Conroy,F,9/4/1971,-0.011,,,,,,,,,,,,,,
Craig Cunningham,F,9/13/1990,,,,,,,,,,,,,,,
Craig MacDonald,F,4/7/1977,,,,,,,,,,,,,,,
Craig Smith,F,9/5/1989,,,,,0.011,0.000,0.014,-0.005,-0.011,0.004,0.015,-0.005,-0.023,0.032,-0.019
Craig Weller,F,3/17/1981,,,,,,,,,,,,,,,
Cristoval Nieves,F,1/24/1994,,,,,,,,,,,,,,,
Curtis Brown,F,2/12/1976,,,,,,,,,,,,,,,
Curtis Glencross,F,12/28/1982,0.009,-0.009,0.010,0.003,0.034,0.010,0.011,0.006,,,,,,,
Curtis Hamilton,F,12/4/1991,,,,,,,,,,,,,,,
Curtis Lazar,F,2/2/1995,,,,,,,,,0.005,,,,,,
Curtis McKenzie,F,2/22/1991,,,,,,,,,,,,,,,
Dainius Zubrus,F,6/16/1978,0.004,-0.011,0.003,-0.010,0.018,,0.005,,,,,,,,
Dakota Joshua,F,5/15/1996,,,,,,,,,,,,,,,
Dale Weise,F,8/5/1988,,,,,,,,,0.003,-0.001,,,,,
Dallas Drake,F,2/4/1969,,,,,,,,,,,,,,,
Damien Brunner,F,3/9/1986,,,,,,-0.004,0.015,-0.014,,,,,,,
Dan Fritsche,F,7/13/1985,-0.002,,,,,,,,,,,,,,
Dan Hinote,F,1/30/1977,,,,,,,,,,,,,,,
Dan Lacouture,F,4/18/1977,,,,,,,,,,,,,,,
Dan Sexton,F,4/29/1987,,,0.005,,,,,,,,,,,,
Dana Tyrell,F,4/23/1989,,,,,,,,,,,,,,,
Dane Byers,F,2/21/1986,,,,,,,,,,,,,,,
Danick Martel,F,12/12/1994,,,,,,,,,,,,,,,
Daniel Alfredsson,F,12/11/1972,0.015,0.013,0.002,0.035,0.021,0.014,0.010,,,,,,,,
Daniel Bang,F,4/19/1987,,,,,,,,,,,,,,,
Daniel Briere,F,10/6/1977,0.019,0.018,0.013,0.001,0.000,-0.007,0.020,-0.005,,,,,,,
Daniel Carcillo,F,1/28/1985,-0.001,0.008,,,,,,,,,,,,,
Daniel Carr,F,11/1/1991,,,,,,,,,,,0.007,,,,
Daniel Catenacci,F,3/9/1993,,,,,,,,,,,,,,,
Daniel Cleary,F,12/18/1978,0.002,-0.008,-0.001,0.011,-0.023,0.025,-0.009,,,,,,,,
Daniel O'Regan,F,1/30/1994,,,,,,,,,,,,,,,
Daniel Paille,F,4/15/1984,,,,,,,,,,,,,,,
Daniel Sedin,F,9/26/1980,-0.002,-0.008,0.000,0.027,0.009,0.010,-0.003,0.002,0.010,0.010,0.018,,,,
Daniel Sprong,F,3/17/1997,,,,,,,,,,,,0.005,,,0.008
Daniel Walcott,F,2/19/1994,,,,,,,,,,,,,,,
Daniel Winnik,F,3/6/1985,-0.014,,,,,,,,,,,,,,
Daniil Tarasov,F,6/20/1991,,,,,,,,,,,,,,,
Danil Yurtaykin,F,7/1/1997,,,,,,,,,,,,,,,
Danny O'Regan,F,1/30/1994,,,,,,,,,,,,,,,
Danton Heinen,F,7/5/1995,,,,,,,,,,,-0.004,-0.017,-0.002,0.003,0.024
Dany Heatley,F,1/21/1981,0.001,0.009,0.020,-0.002,-0.009,-0.002,-0.010,,,,,,,,
Darcy Hordichuk,F,8/10/1980,,,,,,,,,,,,,,,
Darcy Tucker,F,3/15/1975,0.004,0.017,0.008,,,,,,,,,,,,
Darren Archibald,F,2/9/1990,,,,,,,,,,,,,,,
Darren Haydar,F,10/22/1979,0.000,,,,,,,,,,,,,,
Darren Helm,F,1/21/1987,,,,,,,,0.010,-0.029,0.002,,,,,
Darren McCarty,F,4/1/1972,,,,,,,,,,,,,,,
Darroll Powe,F,6/22/1985,,,,,,,,,,,,,,,
Darryl Boyce,F,7/7/1984,,,,,,,,,,,,,,,
Dave Bolland,F,6/5/1986,-0.004,0.013,0.006,0.020,0.032,-0.001,,-0.015,,,,,,,
Dave Dziurzynski,F,10/6/1989,,,,,,,,,,,,,,,
Dave Scatchard,F,2/20/1976,,,,,,,,,,,,,,,
David Backes,F,5/1/1984,0.003,-0.002,-0.005,-0.003,0.010,-0.015,0.023,0.025,0.023,-0.011,-0.006,0.007,,,
David Booth,F,11/24/1984,-0.027,0.019,-0.023,0.002,-0.003,,-0.006,,,,,,,,
David Brine,F,1/6/1985,,,,,,,,,,,,,,,
David Broll,F,1/4/1993,,,,,,,,,,,,,,,
David Clarkson,F,3/31/1984,-0.030,0.000,-0.005,-0.013,0.001,-0.005,-0.006,-0.014,,,,,,,
David Desharnais,F,9/14/1986,,,,0.030,-0.006,-0.002,0.004,0.005,0.009,0.001,0.014,,,,
David Gustafsson,F,4/11/2000,,,,,,,,,,,,,,,
David Jones,F,8/10/1984,,,,0.001,-0.014,-0.004,-0.003,0.012,0.034,,,,,,
David Kampf,F,1/12/1995,,,,,,,,,,,,,,,
David Kase,F,1/28/1997,,,,,,,,,,,,,,,
David Koci,F,5/12/1981,,,,,,,,,,,,,,,
David Krejci,F,4/28/1986,-0.007,0.006,0.008,-0.011,-0.005,-0.010,0.002,0.002,0.001,0.020,0.022,0.023,0.016,0.023,
David Legwand,F,8/17/1980,0.005,-0.004,-0.013,-0.011,0.015,0.007,0.017,0.021,,,,,,,
David McIntyre,F,2/4/1987,,,,,,,,,,,,,,,
David Moss,F,12/28/1981,-0.043,0.023,0.003,0.034,,,-0.011,,,,,,,,
David Pastrnak,F,5/25/1996,,,,,,,,0.007,,0.012,0.012,0.035,0.040,0.012,0.020
David Perron,F,5/28/1988,0.008,-0.001,-0.005,-0.019,0.006,-0.004,0.012,-0.006,0.002,-0.002,-0.007,0.040,0.019,0.010,0.039
David Steckel,F,3/15/1982,,,,,,,,,,,,,,,
David Ullstrom,F,4/22/1989,,,,,,,,,,,,,,,
David Van Der Gulik,F,4/20/1983,,,,,,,,,,,,,,,
David Vyborny,F,1/22/1975,-0.010,,,,,,,,,,,,,,
Dawson Mercer,F,10/27/2001,,,,,,,,,,,,,,,-0.009
Daymond Langkow,F,9/27/1976,0.016,-0.004,0.000,,0.002,,,,,,,,,,
Dean McAmmond,F,6/15/1973,,,0.019,,,,,,,,,,,,
Denis Gurianov,F,6/7/1997,,,,,,,,,,,,,0.030,0.009,-0.004
Denis Malgin,F,1/18/1997,,,,,,,,,,0.009,-0.005,,0.012,,
Denis Tolpeko,F,1/29/1985,,,,,,,,,,,,,,,
Dennis Everberg,F,12/31/1991,,,,,,,,,,,,,,,
Dennis Rasmussen,F,7/3/1990,,,,,,,,,,,,,,,
Derek Armstrong,F,4/23/1973,-0.004,,,,,,,,,,,,,,
Derek Boogaard,F,6/23/1982,,,,,,,,,,,,,,,
Derek Dorsett,F,12/20/1986,,,,,-0.032,,,-0.022,,,,,,,
Derek Grant,F,4/20/1990,,,,,,,,,,,0.030,,0.012,,0.027
Derek MacKenzie,F,6/11/1981,,,,,,,,,,,,,,,
Derek Roy,F,5/4/1983,0.000,0.001,0.007,-0.010,-0.001,0.001,-0.001,0.018,,,,,,,
Derek Ryan,F,12/29/1986,,,,,,,,,,0.015,-0.005,0.010,0.001,,
Derek Stepan,F,6/18/1990,,,,-0.004,-0.002,0.019,-0.006,0.000,0.007,0.004,-0.007,-0.011,-0.005,-0.009,
Derek Whitmore,F,12/17/1984,,,,,,,,,,,,,,,
Derick Brassard,F,9/22/1987,,0.002,0.001,-0.001,0.006,0.001,0.013,0.008,0.018,0.000,0.003,0.007,0.016,0.022,0.001
Devante Smith-Pelly,F,6/14/1992,,,,,-0.004,,,-0.014,-0.023,-0.027,,,,,
Devin Setoguchi,F,1/1/1987,-0.001,0.010,0.021,-0.025,0.002,0.017,-0.003,,,,,,,,
Devin Shore,F,7/19/1994,,,,,,,,,,-0.022,-0.010,0.007,,,
Dillon Dube,F,7/20/1998,,,,,,,,,,,,,,0.018,0.006
DJ King,F,6/27/1984,,,,,,,,,,,,,,,
Dmitrij Jaskin,F,3/23/1993,,,,,,,,0.006,,,-0.016,,,,
Dmytro Timashov,F,10/1/1996,,,,,,,,,,,,,,,
Dominic Moore,F,8/3/1980,,-0.011,0.027,0.056,-0.008,,,,,,,,,,
Dominic Toninato,F,3/9/1994,,,,,,,,,,,,,,,
Dominic Turgeon,F,2/25/1996,,,,,,,,,,,,,,,
Dominik Kahun,F,7/2/1995,,,,,,,,,,,,-0.001,0.000,,
Dominik Kubalik,F,8/21/1995,,,,,,,,,,,,,0.003,0.007,-0.006
Dominik Simon,F,8/8/1994,,,,,,,,,,,,0.006,-0.016,,
Donald Brashear,F,1/7/1972,,,,,,,,,,,,,,,
Doug Weight,F,1/21/1971,0.007,0.021,-0.002,0.019,,,,,,,,,,,
Drake Batherson,F,4/27/1998,,,,,,,,,,,,0.035,0.011,0.016,-0.004
Drake Caggiula,F,6/20/1994,,,,,,,,,,-0.014,0.008,,,,
Drayson Bowman,F,3/8/1989,,,,,-0.026,,,,,,,,,,
Drew Larman,F,5/15/1985,,,,,,,,,,,,,,,
Drew LeBlanc,F,6/29/1989,,,,,,,,,,,,,,,
Drew Miller,F,2/17/1984,,,,,,,,,,,,,,,
Drew O'Connor,F,6/9/1998,,,,,,,,,,,,,,,
Drew Shore,F,1/29/1991,,,,,,-0.007,,,,,,,,,
Drew Stafford,F,10/30/1985,-0.004,0.020,-0.005,0.025,-0.008,-0.026,-0.015,-0.005,0.020,0.018,0.008,-0.002,,,
Dryden Hunt,F,11/24/1995,,,,,,,,,,,,,,,
Dustin Boyd,F,7/16/1986,-0.018,-0.010,-0.009,,,,,,,,,,,,
Dustin Brown,F,11/4/1984,0.005,-0.014,-0.012,0.008,-0.002,0.027,-0.019,-0.017,-0.002,0.018,0.018,0.031,-0.010,0.030,-0.030
Dustin Jeffrey,F,2/27/1988,,,,0.003,,,,,,,,,,,
Dustin Penner,F,9/28/1982,0.017,-0.005,0.006,0.006,-0.002,,0.014,,,,,,,,
Dwight Helminen,F,6/22/1983,,,,,,,,,,,,,,,
Dwight King,F,7/5/1989,,,,,-0.024,,-0.013,-0.002,,,,,,,
Dylan Cozens,F,2/9/2001,,,,,,,,,,,,,,-0.009,-0.006
Dylan Gambrell,F,8/26/1996,,,,,,,,,,,,,-0.008,,
Dylan Larkin,F,7/30/1996,,,,,,,,,-0.001,0.010,-0.012,0.009,-0.005,-0.014,0.005
Dylan Sikura,F,6/1/1995,,,,,,,,,,,,,,,
Dylan Strome,F,3/7/1997,,,,,,,,,,,-0.008,0.001,-0.014,0.003,0.010
Eeli Tolvanen,F,4/22/1999,,,,,,,,,,,,,,0.049,-0.017
Eetu Luostarinen,F,9/2/1998,,,,,,,,,,,,,,,
Egor Sokolov,F,6/7/2000,,,,,,,,,,,,,,,
Elias Lindholm,F,12/2/1994,,,,,,,-0.002,-0.001,-0.010,-0.017,-0.004,0.014,0.010,0.010,0.010
Elias Pettersson,F,11/12/1998,,,,,,,,,,,,0.023,0.007,0.007,0.017
Emerson Etem,F,6/16/1992,,,,,,,,,,,,,,,
Emil Bemstrom,F,6/1/1999,,,,,,,,,,,,,0.040,,-0.020
Emile Poirier,F,12/14/1994,,,,,,,,,,,,,,,
Enver Lisin,F,4/22/1986,,-0.011,-0.026,,,,,,,,,,,,
Eriah Hayes,F,7/7/1988,,,,,,,,,,,,,,,
Eric Belanger,F,12/16/1977,0.024,0.009,0.007,-0.008,0.006,,,,,,,,,,
Eric Boulton,F,8/17/1976,,,,,,,,,,,,,,,
Eric Fehr,F,9/7/1985,-0.031,-0.014,-0.012,-0.016,,0.015,-0.033,,,,,,,,
Eric Godard,F,3/7/1980,,,,,,,,,,,,,,,
Eric Nystrom,F,2/14/1983,,,,,,,,,,,,,,,
Eric O'Dell,F,6/21/1990,,,,,,,,,,,,,,,
Eric Perrin,F,11/1/1975,-0.001,0.003,,,,,,,,,,,,,
Eric Robinson,F,6/14/1995,,,,,,,,,,,,,,,
Eric Selleck,F,10/20/1987,,,,,,,,,,,,,,,
Eric Staal,F,10/29/1984,0.008,0.006,0.011,0.004,-0.003,-0.020,-0.024,0.008,-0.021,0.002,0.041,0.010,0.014,0.005,
Eric Tangradi,F,2/10/1989,,,,,,,,,,,,,,,
Eric Wellwood,F,3/6/1990,,,,,,,,,,,,,,,
Erik Christensen,F,12/17/1983,-0.011,-0.025,-0.009,0.005,0.022,,,,,,,,,,
Erik Cole,F,11/6/1978,0.011,0.006,0.002,-0.006,0.020,-0.008,-0.002,0.014,,,,,,,
Erik Condra,F,8/6/1986,,,,,,,,,,,,,,,
Erik Haula,F,3/23/1991,,,,,,,,,,,0.038,-0.010,0.000,-0.014,0.012
Ethan Moreau,F,9/22/1975,,,,,,,,,,,,,,,
Evan Rodrigues,F,7/28/1993,,,,,,,,,,,-0.005,0.008,,0.038,0.014
Evander Kane,F,8/2/1991,,,,-0.005,-0.002,-0.001,-0.022,0.010,-0.013,0.000,-0.018,-0.003,0.029,-0.006,0.002
Evgeni Malkin,F,7/31/1986,0.012,0.001,0.003,-0.011,-0.005,0.004,-0.002,0.008,0.020,0.015,0.023,0.021,0.016,0.027,0.035
Evgenii Dadonov,F,3/12/1989,,,,,,,,,,,-0.001,0.002,0.023,-0.017,0.007
Evgeny Artyukhin,F,4/4/1983,,0.013,,,,,,,,,,,,,
Evgeny Dadonov,F,3/12/1989,,,,0.012,,,,,,,,,,,
Evgeny Grachev,F,2/21/1990,,,,,,,,,,,,,,,
Evgeny Kuznetsov,F,5/19/1992,,,,,,,,0.015,0.004,0.003,0.003,-0.004,0.008,-0.011,0.003
Evgeny Svechnikov,F,10/31/1996,,,,,,,,,,,,,,,
Fabian Brunnstrom,F,2/6/1985,,0.016,-0.016,,,,,,,,,,,,
Fabian Zetterlund,F,8/25/1999,,,,,,,,,,,,,,,
Fernando Pisani,F,12/27/1976,0.020,,,,,,,,,,,,,,
Filip Chlapik,F,6/3/1997,,,,,,,,,,,,,,,
Filip Chytil,F,9/5/1999,,,,,,,,,,,,0.004,-0.018,,-0.027
Filip Forsberg,F,8/13/1994,,,,,,,,0.004,0.008,-0.009,0.035,0.010,0.011,0.006,0.018
Filip Zadina,F,11/27/1999,,,,,,,,,,,,,0.029,0.008,-0.004
Francis Wathier,F,12/7/1984,,,,,,,,,,,,,,,
Frank Vatrano,F,3/14/1994,,,,,,,,,,0.019,,-0.008,-0.004,0.006,0.000
Frans Nielsen,F,4/24/1984,,-0.007,-0.018,-0.009,0.009,-0.003,0.001,-0.005,0.010,0.000,0.027,-0.003,-0.018,,
Frazer McLaren,F,10/29/1987,,,,,,,,,,,,,,,
Freddie Hamilton,F,1/1/1992,,,,,,,,,,,,,,,
Freddy Modin,F,10/8/1974,0.014,-0.001,0.009,,,,,,,,,,,,
Frederick Gaudreau,F,5/1/1993,,,,,,,,,,,,,,,-0.009
Frederik Gauthier,F,4/26/1995,,,,,,,,,,,,,,,
Fredrik Handemark,F,8/27/1993,,,,,,,,,,,,,,,
Fredrik Karlstrom,F,1/12/1998,,,,,,,,,,,,,,,
Fredrik Sjostrom,F,5/6/1983,0.008,,,,,,,,,,,,,,
Gabriel Bourque,F,9/23/1990,,,,,,0.048,-0.032,,,,,,,,
Gabriel Dumont,F,10/6/1990,,,,,,,,,,,,,,,
Gabriel Fortier,F,2/6/2000,,,,,,,,,,,,,,,
Gabriel Landeskog,F,11/23/1992,,,,,-0.008,-0.016,0.003,0.006,-0.001,0.004,0.005,0.007,-0.002,0.004,0.003
Gabriel Vilardi,F,8/16/1999,,,,,,,,,,,,,,0.001,0.012
Gaetan Haas,F,1/31/1992,,,,,,,,,,,,,,,
Garnet Hathaway,F,11/23/1991,,,,,,,,,,,,,,,
Garrett Pilon,F,4/13/1998,,,,,,,,,,,,,,,
Garrett Wilson,F,3/16/1991,,,,,,,,,,,,,,,
Garth Murray,F,9/17/1982,,,,,,,,,,,,,,,
Gary Roberts,F,5/23/1966,0.005,0.034,,,,,,,,,,,,,
Gemel Smith,F,4/16/1994,,,,,,,,,,,,,,,
Geoff Platt,F,7/10/1985,,,,,,,,,,,,,,,
Geoff Sanderson,F,2/1/1972,,,,,,,,,,,,,,,
George Parros,F,12/29/1979,,,,,,,,,,,,,,,
Georges Laraque,F,12/7/1976,,,,,,,,,,,,,,,
Gerald Mayhew,F,12/31/1992,,,,,,,,,,,,,,,
Gerry Mayhew,F,1/1/1993,,,,,,,,,,,,,,,0.007
Gilbert Brule,F,1/1/1987,-0.025,,0.004,-0.003,0.009,,,,,,,,,,
Giovanni Fiore,F,8/13/1996,,,,,,,,,,,,,,,
Givani Smith,F,2/28/1998,,,,,,,,,,,,,,,
Glen Metropolit,F,6/25/1974,0.026,,0.061,,,,,,,,,,,,
Glen Murray,F,11/1/1972,0.017,,,,,,,,,,,,,,
Glenn Gawdin,F,3/25/1997,,,,,,,,,,,,,,,
Greg Mauldin,F,6/10/1982,,,,,,,,,,,,,,,
Greg McKegg,F,6/17/1992,,,,,,,,,,,,,,,
Greg Moore,F,3/26/1984,,,,,,,,,,,,,,,
Greg Nemisz,F,6/5/1990,,,,,,,,,,,,,,,
Greg Rallo,F,8/26/1981,,,,,,,,,,,,,,,
Gregory Campbell,F,12/17/1983,,0.000,,,,,,,,,,,,,
Gregory Hofmann,F,11/13/1992,,,,,,,,,,,,,,,
Gregory Stewart,F,5/21/1986,,,,,,,,,,,,,,,
Grigori Denisenko,F,6/24/2000,,,,,,,,,,,,,,,
Guillaume Desbiens,F,4/20/1985,,,,,,,,,,,,,,,
Guillaume Latendresse,F,5/24/1987,-0.003,-0.019,0.013,,-0.018,-0.016,,,,,,,,,
Gustav Nyquist,F,9/1/1989,,,,,,-0.024,0.002,0.024,0.012,-0.012,-0.003,-0.011,-0.005,,0.012
Harry Zolnierczyk,F,9/1/1987,,,,,,,,,,,,,,,
Hayden Hodgson,F,3/2/1996,,,,,,,,,,,,,,,
Hendrix Lapierre,F,2/9/2002,,,,,,,,,,,,,,,
Henrik Borgstrom,F,8/6/1997,,,,,,,,,,,,0.029,,,-0.022
Henrik Haapala,F,2/28/1994,,,,,,,,,,,,,,,
Henrik Samuelsson,F,2/7/1994,,,,,,,,,,,,,,,
Henrik Sedin,F,9/26/1980,-0.005,0.001,0.002,0.015,0.013,0.002,0.008,0.016,0.017,0.009,-0.001,,,,
Henrik Zetterberg,F,10/9/1980,0.012,0.014,-0.021,0.000,-0.009,0.002,0.001,-0.002,-0.009,0.001,-0.005,,,,
Hudson Fasching,F,7/28/1995,,,,,,,,,,,,,,,
Hunter Shinkaruk,F,10/13/1994,,,,,,,,,,,,,,,
Ian Laperriere,F,1/19/1974,,,,,,,,,,,,,,,
Iiro Pakarinen,F,8/25/1991,,,,,,,,,,,,,,,
Ilya Kovalchuk,F,4/15/1983,0.010,0.004,0.009,0.011,0.010,-0.006,,,,,,0.005,0.003,,
Ilya Mikheyev,F,10/10/1994,,,,,,,,,,,,,,,0.048
Ilya Zubov,F,2/14/1987,,,,,,,,,,,,,,,
Isaac Ratcliffe,F,2/15/1999,,,,,,,,,,,,,,,
Isac Lundestrom,F,11/6/1999,,,,,,,,,,,,,,,-0.005
Ivan Barbashev,F,12/14/1995,,,,,,,,,,,,,,,0.017
Ivan Chekhovich,F,1/4/1999,,,,,,,,,,,,,,,
J-P Dumont,F,4/1/1978,0.007,0.000,0.011,-0.005,,,,,,,,,,,
J.C. Beaudin,F,3/25/1997,,,,,,,,,,,,,,,
J.T. Brown,F,7/2/1990,,,,,,,-0.022,,,,,,,,
J.T. Compher,F,4/8/1995,,,,,,,,,,0.007,0.001,-0.004,-0.013,0.004,0.007
J.T. Miller,F,3/14/1993,,,,,,-0.004,,0.016,0.001,0.000,0.036,0.003,0.013,0.002,0.011
Jack Eichel,F,10/28/1996,,,,,,,,,0.013,0.021,-0.016,0.008,0.025,-0.014,-0.004
Jack Hughes,F,5/14/2001,,,,,,,,,,,,,-0.001,-0.012,0.025
Jack McBain,F,1/6/2000,,,,,,,,,,,,,,,
Jack Quinn,F,9/19/2001,,,,,,,,,,,,,,,
Jack Rodewald,F,2/14/1994,,,,,,,,,,,,,,,
Jack Roslovic,F,1/29/1997,,,,,,,,,,,-0.017,0.072,-0.011,0.025,0.018
Jack Skille,F,5/19/1987,,,,0.008,,,,,,,,,,,
Jack Studnicka,F,2/18/1999,,,,,,,,,,,,,,,
Jackson Cates,F,9/28/1997,,,,,,,,,,,,,,,
Jacob de la Rose,F,5/20/1995,,,,,,,,,,,,,,,
Jacob De La Rose,F,5/20/1995,,,,,,,,,,,,,,,
Jacob Josefson,F,3/2/1991,,,,-0.010,,,,-0.006,0.004,-0.008,,,,,
Jacob Perreault,F,4/15/2002,,,,,,,,,,,,,,,
Jacob Peterson,F,7/19/1999,,,,,,,,,,,,,,,-0.019
Jaden Schwartz,F,6/25/1992,,,,,,,0.013,0.024,-0.010,-0.010,0.009,-0.005,0.014,0.002,-0.017
Jake DeBrusk,F,10/17/1996,,,,,,,,,,,-0.010,0.020,0.005,0.015,0.001
Jake Dowell,F,3/4/1985,,,,,,,,,,,,,,,
Jake Evans,F,6/2/1996,,,,,,,,,,,,,,,
Jake Guentzel,F,10/6/1994,,,,,,,,,,0.001,0.022,0.002,0.013,0.000,-0.014
Jake Leschyshyn,F,3/10/1999,,,,,,,,,,,,,,,
Jake Neighbours,F,3/29/2002,,,,,,,,,,,,,,,
Jake Virtanen,F,8/17/1996,,,,,,,,,0.007,,,-0.023,0.067,,
Jakob Forsbacka Karlsson,F,10/31/1996,,,,,,,,,,,,,,,
Jakob Lilja,F,7/23/1993,,,,,,,,,,,,,,,
Jakob Silfverberg,F,10/13/1990,,,,,,-0.001,-0.024,0.032,0.004,0.008,-0.010,-0.001,0.004,0.003,-0.005
Jakub Petruzalek,F,4/24/1985,,,,,,,,,,,,,,,
Jakub Voracek,F,8/15/1989,,-0.009,0.002,-0.020,-0.024,0.017,0.005,0.014,-0.018,-0.008,-0.002,-0.003,0.008,-0.016,0.003
Jakub Vrana,F,2/28/1996,,,,,,,,,,0.005,-0.005,-0.005,-0.018,-0.018,0.054
Jamal Mayers,F,10/24/1974,,,,,,,,,,,,,,,
James Neal,F,9/3/1987,,0.026,-0.023,-0.001,0.018,0.022,0.017,-0.008,-0.016,0.001,0.005,-0.011,0.041,0.002,-0.018
James Sheppard,F,4/25/1988,-0.008,-0.029,,,,,,-0.014,,,,,,,
James van Riemsdyk,F,5/4/1989,,,-0.005,0.003,-0.012,0.003,-0.004,-0.004,-0.009,-0.010,-0.022,0.003,-0.010,0.026,0.001
James Wright,F,3/24/1990,,,,,,,,,,,,,,,
Jamie Arniel,F,11/16/1989,,,,,,,,,,,,,,,
Jamie Benn,F,7/18/1989,,,-0.019,0.003,-0.009,-0.002,-0.013,0.004,0.024,0.020,-0.004,0.000,0.014,0.001,-0.010
Jamie Langenbrunner,F,7/24/1975,0.002,0.009,0.009,-0.006,-0.001,,,,,,,,,,
Jamie Lundmark,F,1/16/1981,,-0.010,-0.004,,,,,,,,,,,,
Jamie McGinn,F,8/5/1988,,,,,0.061,-0.014,0.007,-0.011,0.013,-0.023,-0.006,,,,
Jamie Tardif,F,1/23/1985,,,,,,,,,,,,,,,
Jan Hlavac,F,9/20/1976,-0.016,,,,,,,,,,,,,,
Jan Jenik,F,9/15/2000,,,,,,,,,,,,,,,
Jan Mursak,F,1/20/1988,,,,,,,,,,,,,,,
Janne Kuokkanen,F,5/25/1998,,,,,,,,,,,,,,-0.007,
Janne Pesonen,F,5/11/1982,,,,,,,,,,,,,,,
Jannik Hansen,F,3/15/1986,,,,,,0.003,-0.006,-0.022,,,,,,,
Jansen Harkins,F,5/23/1997,,,,,,,,,,,,,,,
Jared Boll,F,5/13/1986,,,,,,,,,,,,,,,
Jared McCann,F,5/31/1996,,,,,,,,,-0.001,,-0.003,0.006,0.004,0.050,0.004
Jared Ross,F,9/18/1982,,,,,,,,,,,,,,,
Jared Staal,F,8/21/1990,,,,,,,,,,,,,,,
Jaret Anderson-Dolan,F,9/12/1999,,,,,,,,,,,,,,0.019,
Jarkko Ruutu,F,8/23/1975,,,,,,,,,,,,,,,
Jarod Palmer,F,2/10/1986,,,,,,,,,,,,,,,
Jarome Iginla,F,7/1/1977,0.008,0.005,0.014,0.019,0.012,0.017,0.002,0.021,0.041,0.018,,,,,
Jaromir Jagr,F,2/15/1972,0.004,,,,0.016,0.025,0.016,0.018,0.014,0.018,-0.015,,,,
Jaroslav Hlinka,F,11/10/1976,-0.007,,,,,,,,,,,,,,
Jarret Stoll,F,6/24/1982,0.008,0.024,-0.005,0.004,-0.006,-0.004,-0.002,0.027,,,,,,,
Jason Akeson,F,6/3/1990,,,,,,,,,,,,,,,
Jason Arnott,F,10/11/1974,0.014,0.009,0.002,0.017,0.024,,,,,,,,,,
Jason Blake,F,9/2/1973,-0.021,-0.003,0.019,0.001,0.009,,,,,,,,,,
Jason Chimera,F,5/2/1979,-0.004,-0.010,,0.012,0.003,,-0.006,,0.010,,,,,,
Jason Dickinson,F,7/4/1995,,,,,,,,,,,,,,,
Jason Jaffray,F,6/30/1981,0.009,,,,,,,,,,,,,,
Jason King,F,9/14/1981,,,,,,,,,,,,,,,
Jason Krog,F,10/9/1975,,,,,,,,,,,,,,,
Jason Pominville,F,11/30/1982,-0.007,0.004,0.008,0.001,0.009,0.000,0.002,-0.007,0.007,-0.004,0.026,-0.027,,,
Jason Robertson,F,7/22/1999,,,,,,,,,,,,,,-0.007,0.030
Jason Spezza,F,6/13/1983,0.009,0.010,0.018,0.007,0.014,,0.015,-0.004,0.025,-0.009,0.006,0.003,0.018,0.008,0.023
Jason Ward,F,1/16/1979,0.004,,,,,,,,,,,,,,
Jason Williams,F,8/11/1980,0.014,0.013,0.007,,,,,,,,,,,,
Jason Zucker,F,1/16/1992,,,,,,,,0.015,-0.018,,0.003,0.015,0.034,0.005,-0.022
Jasper Weatherby,F,1/22/1998,,,,,,,,,,,,,,,0.010
Jay Beagle,F,10/16/1985,,,,,,,,,,,,,,,
Jay McClement,F,3/2/1983,,,,,,,,,,,,,,,
Jay Pandolfo,F,12/27/1974,,,,,,,,,,,,,,,
Jay Rosehill,F,7/16/1985,,,,,,,,,,,,,,,
Jayce Hawryluk,F,1/1/1996,,,,,,,,,,,,,,,
Jayden Halbgewachs,F,3/22/1997,,,,,,,,,,,,,,,
Jayson Megna,F,2/1/1990,,,,,,,,,,-0.014,,,,,
Jean-Francois Jacques,F,4/29/1985,,,,,,,,,,,,,,,
Jean-Gabriel Pageau,F,11/11/1992,,,,,,,,,-0.004,,-0.020,-0.019,0.019,0.020,0.007
Jean-Sebastien Dea,F,2/8/1994,,,,,,,,,,,,,,,
Jed Ortmeyer,F,9/3/1978,,,,,,,,,,,,,,,
Jeff Carter,F,1/1/1985,0.005,0.028,-0.011,-0.018,0.012,0.027,-0.001,0.011,-0.007,0.014,0.014,-0.001,-0.002,-0.004,-0.003
Jeff Cowan,F,9/27/1976,,,,,,,,,,,,,,,
Jeff Giuliano,F,6/20/1979,,,,,,,,,,,,,,,
Jeff Halpern,F,5/3/1976,0.023,-0.003,0.016,,,,,,,,,,,,
Jeff Hamilton,F,9/4/1977,0.010,-0.009,,,,,,,,,,,,,
Jeff Hoggan,F,2/1/1978,,,,,,,,,,,,,,,
Jeff Skinner,F,5/16/1992,,,,-0.006,-0.022,0.003,0.008,-0.005,-0.012,0.001,-0.017,-0.005,-0.023,0.004,-0.007
Jeff Taffe,F,2/19/1981,0.002,,,,,,,,,,,,,,
Jeff Tambellini,F,4/13/1984,,-0.015,0.052,-0.015,,,,,,,,,,,
Jeffrey Viel,F,1/28/1997,,,,,,,,,,,,,,,
Jere Lehtinen,F,6/24/1973,0.037,-0.006,,,,,,,,,,,,,
Jeremy Colliton,F,1/13/1985,,,,,,,,,,,,,,,
Jeremy Morin,F,4/16/1991,,,,,,,,,,,,,,,
Jeremy Reich,F,2/11/1979,,,,,,,,,,,,,,,
Jeremy Roenick,F,1/17/1970,0.029,0.016,,,,,,,,,,,,,
Jeremy Welsh,F,4/30/1988,,,,,,,,,,,,,,,
Jeremy Williams,F,1/26/1984,,,,,,,,,,,,,,,
Jerome Samson,F,9/4/1987,,,,,,,,,,,,,,,
Jerred Smithson,F,2/4/1979,,,,,,,,,,,,,,,
Jerry D'Amigo,F,2/19/1991,,,,,,,,,,,,,,,
Jesper Boqvist,F,10/30/1998,,,,,,,,,,,,,,,
Jesper Bratt,F,7/30/1998,,,,,,,,,,,0.009,-0.003,-0.005,-0.001,0.005
Jesper Fast,F,12/2/1991,,,,,,,,,,,,,,0.011,
Jesper Froden,F,9/21/1994,,,,,,,,,,,,,,,
Jesperi Kotkaniemi,F,7/6/2000,,,,,,,,,,,,-0.008,-0.018,-0.018,-0.017
Jesse Joensuu,F,10/5/1987,,,,,,,,,,,,,,,
Jesse Puljujarvi,F,5/7/1998,,,,,,,,,,,0.008,,,0.000,-0.019
Jesse Winchester,F,10/4/1983,,,,,,,,,,,,,,,
Jesse Ylonen,F,10/3/1999,,,,,,,,,,,,,,,
Jim Dowd,F,12/25/1968,,,,,,,,,,,,,,,
Jim O'Brien,F,1/29/1989,,,,,,,,,,,,,,,
Jim Slater,F,12/9/1982,,,,,,,,,,,,,,,
Jimmy Hayes,F,11/21/1989,,,,,,,0.015,-0.005,0.011,,-0.010,,,,
Jimmy Vesey,F,5/26/1993,,,,,,,,,,0.011,-0.018,-0.025,,,
Jiri Hudler,F,1/4/1984,-0.005,-0.001,,-0.001,-0.001,0.019,-0.003,-0.004,-0.003,0.006,,,,,
Jiri Novotny,F,8/12/1983,-0.005,,,,,,,,,,,,,,
Jiri Sekac,F,6/10/1992,,,,,,,,0.030,0.022,,,,,,
Jiri Tlusty,F,3/16/1988,,,,,0.010,0.010,-0.014,0.010,,,,,,,
JJ Peterka,F,1/14/2002,,,,,,,,,,,,,,,
Joachim Blichfeld,F,7/17/1998,,,,,,,,,,,,,,,
Joakim Andersson,F,2/5/1989,,,,,,,,,,,,,,,
Joakim Lindstrom,F,12/5/1983,0.037,0.014,,,0.016,,,0.018,,,,,,,
Joakim Nordstrom,F,2/25/1992,,,,,,,,,,,,,,,
Joakim Nygard,F,1/8/1993,,,,,,,,,,,,,,,
Jochen Hecht,F,6/21/1977,0.009,0.015,0.015,-0.041,,,,,,,,,,,
Jody Shelley,F,2/7/1976,,,,,,,,,,,,,,,
Joe Colborne,F,1/30/1990,,,,,,,-0.009,-0.012,-0.003,0.001,,,,,
Joe Jensen,F,2/6/1983,,,,,,,,,,,,,,,
Joe Motzko,F,3/14/1980,,,,,,,,,,,,,,,
Joe Pavelski,F,7/11/1984,0.010,-0.007,-0.017,0.002,-0.002,-0.008,0.018,0.021,0.006,-0.009,0.003,0.029,0.007,0.039,0.018
Joe Sakic,F,7/7/1969,0.014,-0.004,,,,,,,,,,,,,
Joe Snively,F,1/1/1996,,,,,,,,,,,,,,,
Joe Thornton,F,7/2/1979,0.011,0.021,-0.003,0.013,-0.002,-0.005,-0.004,0.009,0.018,0.003,0.041,0.022,0.021,0.003,0.064
Joe Veleno,F,1/13/2000,,,,,,,,,,,,,,,
Joe Vitale,F,8/20/1985,,,,,,,,,,,,,,,
Joel Armia,F,5/31/1993,,,,,,,,,,-0.019,-0.025,0.007,0.004,,-0.014
Joel Eriksson Ek,F,1/29/1997,,,,,,,,,,,,,,-0.026,0.014
Joel Farabee,F,2/25/2000,,,,,,,,,,,,,-0.015,0.001,-0.013
Joel Kellman,F,5/25/1994,,,,,,,,,,,,,,,
Joel Kiviranta,F,3/23/1996,,,,,,,,,,,,,,,
Joel L'Esperance,F,8/18/1995,,,,,,,,,,,,,,,
Joel Lundqvist,F,3/2/1982,,,,,,,,,,,,,,,
Joel Perrault,F,4/6/1983,0.014,,,,,,,,,,,,,,
Joel Rechlicz,F,6/14/1987,,,,,,,,,,,,,,,
Joel Vermin,F,2/5/1992,,,,,,,,,,,,,,,
Joel Ward,F,12/2/1980,,0.020,0.016,0.016,,0.006,0.024,0.027,0.007,-0.004,,,,,
Joey Anderson,F,6/19/1998,,,,,,,,,,,,,,,
Joey Crabb,F,4/3/1983,,,,-0.018,,,,,,,,,,,
Joey Hishon,F,10/20/1991,,,,,,,,,,,,,,,
Joffrey Lupul,F,9/23/1983,0.000,0.000,-0.051,-0.002,0.001,0.051,-0.005,-0.002,-0.024,,,,,,
Johan Franzen,F,12/23/1979,0.035,0.016,0.043,0.016,0.025,0.013,0.024,0.016,,,,,,,
Johan Harju,F,5/15/1986,,,,,,,,,,,,,,,
Johan Larsson,F,7/25/1992,,,,,,,,-0.013,-0.012,,,,,,0.051
Johan Sundstrom,F,9/21/1992,,,,,,,,,,,,,,,
John Hayden,F,2/14/1995,,,,,,,,,,,,,,,
John Leonard,F,8/7/1998,,,,,,,,,,,,,,0.017,
John Madden,F,5/4/1973,0.028,,,,,,,,,,,,,,
John McCarthy,F,8/9/1986,,,,,,,,,,,,,,,
John McFarland,F,4/2/1992,,,,,,,,,,,,,,,
John Mitchell,F,1/22/1985,,0.005,-0.004,,-0.010,0.002,-0.001,0.017,-0.008,,,,,,
John Persson,F,5/18/1992,,,,,,,,,,,,,,,
John Pohl,F,6/29/1979,,,,,,,,,,,,,,,
John Quenneville,F,4/16/1996,,,,,,,,,,,,,,,
John Scott,F,9/26/1982,,,,,,,,,,,,,,,
John Tavares,F,9/20/1990,,,-0.001,-0.003,-0.008,0.011,0.004,0.006,-0.002,-0.010,0.009,-0.017,0.009,-0.010,-0.003
John Zeiler,F,11/21/1982,,,,,,,,,,,,,,,
Johnny Gaudreau,F,8/13/1993,,,,,,,,0.011,-0.001,-0.007,-0.011,0.002,0.009,0.017,-0.001
Jon Disalvatore,F,3/30/1981,,,,,,,,,,,,,,,
Jon Kalinski,F,5/25/1987,,,,,,,,,,,,,,,
Jon Matsumoto,F,10/13/1986,,,,,,,,,,,,,,,
Jon Sim,F,9/29/1977,,0.010,-0.009,,,,,,,,,,,,
Jonah Gadjovich,F,10/12/1998,,,,,,,,,,,,,,,
Jonas Rondbjerg,F,3/31/1999,,,,,,,,,,,,,,,
Jonathan Cheechoo,F,7/15/1980,-0.004,0.000,-0.012,,,,,,,,,,,,
Jonathan Dahlen,F,12/20/1997,,,,,,,,,,,,,,,0.004
Jonathan Drouin,F,3/28/1995,,,,,,,,0.010,-0.005,0.023,0.003,-0.003,0.003,-0.005,-0.011
Jonathan Filewich,F,10/2/1984,,,,,,,,,,,,,,,
Jonathan Huberdeau,F,6/4/1993,,,,,,-0.006,-0.006,-0.019,-0.002,0.010,-0.003,0.015,0.000,0.006,0.000
Jonathan Marchessault,F,12/27/1990,,,,,,,,,0.010,0.010,-0.005,-0.010,0.002,-0.004,0.003
Jonathan Rheault,F,8/1/1986,,,,,,,,,,,,,,,
Jonathan Toews,F,4/29/1988,0.005,0.011,-0.003,0.009,0.003,-0.003,0.000,-0.011,0.007,-0.002,-0.014,0.013,-0.019,,0.011
Jonny Brodzinski,F,6/19/1993,,,,,,,,,,,,,,,
Joona Luoto,F,9/26/1997,,,,,,,,,,,,,,,
Joonas Donskoi,F,4/13/1992,,,,,,,,,0.006,-0.017,-0.008,0.009,0.010,-0.004,-0.017
Joonas Kemppainen,F,4/7/1988,,,,,,,,,,,,,,,
Jordan Caron,F,11/2/1990,,,,,,,,,,,,,,,
Jordan Eberle,F,5/15/1990,,,,0.000,0.017,-0.005,0.000,0.003,0.006,-0.008,-0.001,0.004,0.000,-0.012,0.000
Jordan Greenway,F,2/16/1997,,,,,,,,,,,,-0.016,,-0.012,0.005
Jordan Kyrou,F,5/5/1998,,,,,,,,,,,,,,-0.020,0.008
Jordan Lavallee-Smotherman,F,5/11/1986,,,,,,,,,,,,,,,
Jordan Martinook,F,7/25/1992,,,,,,,,,,,,,,,
Jordan Nolan,F,6/23/1989,,,,,,,,,,,,,,,
Jordan Schroeder,F,9/29/1990,,,,,,-0.002,,,,,,,,,
Jordan Staal,F,9/10/1988,-0.008,-0.011,-0.014,0.005,0.021,-0.022,-0.016,-0.036,0.011,0.003,-0.016,-0.026,0.005,0.018,0.012
Jordan Szwarz,F,5/14/1991,,,,,,,,,,,,,,,
Jordan Weal,F,4/15/1992,,,,,,,,,,-0.004,-0.001,0.017,-0.007,,
Jordin Tootoo,F,2/2/1983,,-0.026,,,,,,0.005,0.018,,,,,,
Jori Lehtera,F,12/23/1987,,,,,,,,-0.009,0.003,0.001,-0.007,,,,
Josef Vasicek,F,9/12/1980,-0.008,,,,,,,,,,,,,,
Joseph Blandisi,F,7/18/1994,,,,,,,,,0.024,0.005,,,,,
Joseph Cramarossa,F,10/26/1992,,,,,,,,,,,,,,,
Joseph Gambardella,F,12/1/1993,,,,,,,,,,,,,,,
Joseph LaBate,F,4/16/1993,,,,,,,,,,,,,,,
Josh Anderson,F,5/7/1994,,,,,,,,,,,-0.014,0.014,-0.021,-0.010,-0.007
Josh Archibald,F,10/6/1992,,,,,,,,,,,,,,,
Josh Bailey,F,10/2/1989,,-0.015,-0.010,0.002,-0.008,-0.017,0.002,-0.004,0.015,-0.006,0.005,0.002,0.008,-0.008,0.008
Josh Currie,F,10/29/1992,,,,,,,,,,,,,,,
Josh Dunne,F,12/8/1998,,,,,,,,,,,,,,,
Josh Gratton,F,9/9/1982,,,,,,,,,,,,,,,
Josh Green,F,11/16/1977,,,,,,,,,,,,,,,
Josh Hennessy,F,2/7/1985,,,,,,,,,,,,,,,
Josh Jooris,F,7/14/1990,,,,,,,,0.052,,,,,,,
Josh Langfeld,F,7/17/1977,,,,,,,,,,,,,,,
Josh Leivo,F,5/26/1993,,,,,,,,,0.007,,-0.043,-0.007,-0.017,,
Josh Norris,F,5/5/1999,,,,,,,,,,,,,,0.020,0.037
Joshua Ho-Sang,F,1/22/1996,,,,,,,,,,0.012,-0.010,,,,
Josiah Slavin,F,12/31/1998,,,,,,,,,,,,,,,
Jozef Stumpel,F,7/20/1972,0.009,,,,,,,,,,,,,,
JT Wyman,F,2/27/1986,,,,,,,,,,,,,,,
Juho Lammikko,F,1/29/1996,,,,,,,,,,,,,,,
Jujhar Khaira,F,8/13/1994,,,,,,,,,,,,,,,
Julien Gauthier,F,10/15/1997,,,,,,,,,,,,,,,
Junior Lessard,F,5/26/1980,,,,,,,,,,,,,,,
Jussi Jokinen,F,4/1/1983,0.009,0.008,0.009,0.012,-0.005,0.010,0.015,-0.008,0.011,0.010,-0.010,,,,
Justin Abdelkader,F,2/25/1987,,,-0.019,,,-0.035,-0.021,0.009,-0.001,0.009,0.003,0.008,,,
Justin Bailey,F,7/1/1995,,,,,,,,,,,,,,,
Justin Danforth,F,3/15/1993,,,,,,,,,,,,,,,
Justin DiBenedetto,F,8/25/1988,,,,,,,,,,,,,,,
Justin Dowling,F,10/1/1990,,,,,,,,,,,,,-0.005,-0.015,
Justin Florek,F,5/18/1990,,,,,,,,,,,,,,,
Justin Fontaine,F,11/6/1987,,,,,,,0.003,,,,,,,,
Justin Hodgman,F,6/27/1988,,,,,,,,,,,,,,,
Justin Kloos,F,11/30/1993,,,,,,,,,,,,,,,
Justin Shugg,F,12/24/1991,,,,,,,,,,,,,,,
Justin Williams,F,10/4/1981,-0.001,0.000,-0.008,0.005,0.017,-0.012,-0.014,0.007,0.006,0.009,-0.010,0.020,-0.030,,
Kaapo Kakko,F,2/13/2001,,,,,,,,,,,,,-0.006,0.013,-0.005
Kael Mouillierat,F,12/9/1987,,,,,,,,,,,,,,,
Kailer Yamamoto,F,9/29/1998,,,,,,,,,,,,,,-0.006,0.000
Kalle Kossila,F,4/14/1993,,,,,,,,,,,,,,,
Kamil Kreps,F,11/18/1984,-0.005,,,,,,,,,,,,,,
Karl Stewart,F,6/30/1983,,,,,,,,,,,,,,,
Karson Kuhlman,F,9/26/1995,,,,,,,,,,,,,,,
Kaspars Daugavins,F,5/18/1988,,,,,,,,,,,,,,,
Kasperi Kapanen,F,7/23/1996,,,,,,,,,,,,0.001,-0.013,0.008,-0.016
Keegan Kolesar,F,4/8/1997,,,,,,,,,,,,,,,0.002
Keith Aucoin,F,11/6/1978,-0.020,,,,-0.013,0.018,,,,,,,,,
Keith Tkachuk,F,3/28/1972,0.018,0.021,-0.004,,,,,,,,,,,,
Kellan Lain,F,8/11/1989,,,,,,,,,,,,,,,
Kenndal McArdle,F,1/4/1987,,,,,,,,,,,,,,,
Kenny Agostino,F,4/30/1992,,,,,,,,,,,,-0.010,,,
Kent Johnson,F,10/18/2002,,,,,,,,,,,,,,,
Kerby Rychel,F,10/7/1994,,,,,,,,,,,,,,,
Kevin Doell,F,7/15/1979,,,,,,,,,,,,,,,
Kevin Fiala,F,7/22/1996,,,,,,,,,,-0.012,-0.003,-0.011,0.030,0.005,0.000
Kevin Hayes,F,5/8/1992,,,,,,,,0.002,0.006,-0.004,0.022,-0.001,0.013,0.005,0.001
Kevin Henderson,F,12/3/1986,,,,,,,,,,,,,,,
Kevin Labanc,F,12/12/1995,,,,,,,,,,-0.018,0.004,-0.005,-0.005,-0.017,0.033
Kevin Porter,F,3/12/1986,,0.004,,-0.007,,,,,,,,,,,
Kevin Rooney,F,5/21/1993,,,,,,,,,,,,,,,
Kevin Roy,F,5/20/1993,,,,,,,,,,,,,,,
Kevin Stenlund,F,9/20/1996,,,,,,,,,,,,,0.030,-0.016,
Kevin Westgarth,F,2/7/1984,,,,,,,,,,,,,,,
Kevyn Adams,F,10/8/1974,,,,,,,,,,,,,,,
Kiefer Sherwood,F,3/31/1995,,,,,,,,,,,,,,,
Kieffer Bellows,F,6/10/1998,,,,,,,,,,,,,,,
Kirby Dach,F,1/21/2001,,,,,,,,,,,,,-0.022,-0.002,-0.015
Kirill Kaprizov,F,4/26/1997,,,,,,,,,,,,,,0.012,0.025
Kirk Maltby,F,12/22/1972,,,,,,,,,,,,,,,
Klim Kostin,F,5/5/1999,,,,,,,,,,,,,,,
Kole Lind,F,10/16/1998,,,,,,,,,,,,,,,
Kole Sherwood,F,1/22/1997,,,,,,,,,,,,,,,
Kris Beech,F,2/5/1981,0.018,,,,,,,,,,,,,,
Kris Chucko,F,3/13/1986,,,,,,,,,,,,,,,
Kris Draper,F,5/24/1971,,,,,,,,,,,,,,,
Kris Newbury,F,2/19/1982,,,,,,,,,,,,,,,
Kris Versteeg,F,5/13/1986,-0.019,0.020,0.007,0.005,0.016,,-0.012,-0.006,-0.005,0.025,-0.001,,,,
Kristian Huselius,F,11/10/1978,0.005,0.002,0.010,0.036,,,,,,,,,,,
Kristian Reichel,F,6/11/1998,,,,,,,,,,,,,,,
Kristian Vesalainen,F,6/1/1999,,,,,,,,,,,,,,,
Kristopher Foucault,F,12/12/1990,,,,,,,,,,,,,,,
Krys Barch,F,3/26/1980,,,,,,,,,,,,,,,
Krys Kolanos,F,7/27/1981,,-0.001,,,,,,,,,,,,,
Kurtis Gabriel,F,4/20/1993,,,,,,,,,,,,,,,
Kurtis McLean,F,11/2/1980,,,,,,,,,,,,,,,
Kyle Brodziak,F,5/25/1984,,,,0.001,0.008,-0.019,,,,,,,,,
Kyle Calder,F,1/5/1979,0.003,-0.002,-0.010,,,,,,,,,,,,
Kyle Chipchura,F,2/19/1986,,,,,,,,,,,,,,,
Kyle Clifford,F,1/13/1991,,,,,,,,,,,,,,,
Kyle Connor,F,12/9/1996,,,,,,,,,,,0.006,0.000,-0.003,0.024,-0.001
Kyle Criscuolo,F,5/5/1992,,,,,,,,,,,,,,,
Kyle Greentree,F,11/15/1983,,,,,,,,,,,,,,,
Kyle Okposo,F,4/16/1988,,0.015,-0.017,-0.024,0.004,-0.023,-0.008,-0.003,0.008,0.005,-0.002,0.023,0.028,,0.042
Kyle Palmieri,F,2/1/1991,,,,,,0.005,-0.027,0.017,0.017,0.004,0.023,0.010,0.019,-0.020,-0.009
Kyle Rau,F,10/24/1992,,,,,,,,,,,,,,,
Kyle Turris,F,8/14/1989,,-0.002,,-0.019,-0.006,0.011,0.014,-0.001,0.002,0.011,0.025,0.022,0.005,,
Kyle Wellwood,F,5/16/1983,0.003,0.011,0.005,,0.016,-0.002,,,,,,,,,
Kyle Wilson,F,12/15/1984,,,,,,,,,,,,,,,
Ladislav Nagy,F,6/1/1979,-0.001,,,,,,,,,,,,,,
Lance Bouma,F,3/25/1990,,,,,,,,,,,,,,,
Landon Ferraro,F,8/8/1991,,,,,,,,,,,,,,,
Landon Wilson,F,3/13/1975,,,,,,,,,,,,,,,
Lane MacDermid,F,8/25/1989,,,,,,,,,,,,,,,
Lane Pederson,F,8/4/1997,,,,,,,,,,,,,,,
Lars Eller,F,5/8/1989,,,,,0.007,0.000,-0.002,0.016,-0.003,,0.014,-0.016,-0.007,-0.014,-0.005
Laurent Dauphin,F,3/27/1995,,,,,,,,,,,,,,,
Lauri Korpikoski,F,7/28/1986,,,,-0.013,-0.012,0.006,-0.009,0.042,0.006,,,,,,
Lauri Tukonen,F,9/1/1986,,,,,,,,,,,,,,,
Lawson Crouse,F,6/23/1997,,,,,,,,,,,,,,,-0.006
Lean Bergmann,F,10/4/1998,,,,,,,,,,,,,,,
Lee Stempniak,F,2/4/1983,-0.020,-0.007,0.020,-0.011,0.002,0.030,-0.033,-0.014,0.005,0.001,,,,,
Lennart Petrell,F,4/13/1984,,,,,,,,,,,,,,,
Leo Komarov,F,1/23/1987,,,,,,,,,-0.002,0.009,0.009,,,,
Leon Draisaitl,F,10/27/1995,,,,,,,,-0.011,0.006,0.000,-0.004,0.020,0.021,0.018,0.033
Liam Foudy,F,2/4/2000,,,,,,,,,,,,,,,
Liam O'Brien,F,7/29/1994,,,,,,,,,,,,,,,
Liam Reddox,F,1/27/1986,,,,,,,,,,,,,,,
Lias Andersson,F,10/13/1998,,,,,,,,,,,,,,,
Linden Vey,F,7/17/1991,,,,,,,,0.013,0.009,,,,,,
Linus Klasen,F,2/19/1986,,,,,,,,,,,,,,,
Linus Omark,F,2/5/1987,,,,-0.007,,,,,,,,,,,
Linus Sandin,F,5/19/1996,,,,,,,,,,,,,,,
Logan Brown,F,3/5/1998,,,,,,,,,,,,,0.008,,
Logan Couture,F,3/28/1989,,,,0.009,0.014,0.012,-0.021,-0.012,-0.008,0.021,0.018,0.006,-0.025,-0.006,0.003
Logan O'Connor,F,8/14/1996,,,,,,,,,,,,,,,
Logan Shaw,F,10/5/1992,,,,,,,,,-0.008,,,,,,
Loui Eriksson,F,7/17/1985,0.015,0.011,-0.006,0.005,0.002,-0.015,0.001,0.000,0.012,0.014,-0.012,0.000,,,
Louis Leblanc,F,1/26/1991,,,,,,,,,,,,,,,
Luca Caputi,F,10/1/1988,,,-0.028,,,,,,,,,,,,
Lucas Lessio,F,1/23/1993,,,,,,,,,,,,,,,
Lucas Raymond,F,3/28/2002,,,,,,,,,,,,,,,0.001
Lucas Wallmark,F,9/5/1995,,,,,,,,,,,,0.006,0.027,,
Lukas Kaspar,F,9/23/1985,,,,,,,,,,,,,,,
Lukas Radil,F,8/5/1990,,,,,,,,,,,,,,,
Lukas Reichel,F,5/17/2002,,,,,,,,,,,,,,,
Lukas Sedlak,F,2/25/1993,,,,,,,,,,,,,,,
Lukas Vejdemo,F,1/25/1996,,,,,,,,,,,,,,,
Luke Adam,F,6/18/1990,,,,,-0.042,,,,,,,,,,
Luke Gazdic,F,7/25/1989,,,,,,,,,,,,,,,
Luke Glendening,F,4/28/1989,,,,,,,,,,,,,,,
Luke Johnson,F,9/19/1994,,,,,,,,,,,,,,,
Luke Kunin,F,12/4/1997,,,,,,,,,,,,-0.010,-0.028,,-0.032
Luke Witkowski,D,4/14/1990,,,,,,,,,,,,,,,
MacKenzie Entwistle,F,7/14/1999,,,,,,,,,,,,,,,
Mackenzie MacEachern,F,3/9/1994,,,,,,,,,,,,,,,
Magnus Paajarvi,F,4/12/1991,,,,0.001,-0.036,0.011,,,,,,,,,
Maksim Mayorov,F,3/26/1989,,,,,,,,,,,,,,,
Maksim Sushko,F,2/10/1999,,,,,,,,,,,,,,,
Manny Malhotra,F,5/18/1980,0.008,-0.011,-0.001,0.042,,,,,,,,,,,
Marc McLaughlin,F,7/26/1999,,,,,,,,,,,,,,,
Marc Michaelis,F,7/31/1995,,,,,,,,,,,,,,,
Marc Savard,F,7/17/1977,0.002,0.014,0.035,-0.006,,,,,,,,,,,
Marc-Andre Cliche,F,3/23/1987,,,,,,,,,,,,,,,
Marc-Antoine Pouliot,F,5/22/1985,,-0.024,,,,,,,,,,,,,
Marcel Goc,F,8/24/1983,,,,-0.012,0.020,0.033,-0.015,,,,,,,,
Marcel Hossa,F,10/12/1981,,,,,,,,,,,,,,,
Marcel Mueller,F,7/10/1988,,,,,,,,,,,,,,,
Marco Rossi,F,9/23/2001,,,,,,,,,,,,,,,
Marco Sturm,F,9/8/1978,0.011,0.048,0.001,0.019,0.000,,,,,,,,,,
Marcus Foligno,F,8/10/1991,,,,,,-0.001,-0.011,-0.025,,,,,,,0.032
Marcus Johansson,F,10/6/1990,,,,0.013,-0.008,0.021,0.008,-0.003,0.003,0.009,0.000,-0.001,-0.005,0.014,-0.002
Marcus Kruger,F,5/27/1990,,,,,-0.009,,,,,,,,,,
Marcus Nilson,F,3/1/1978,,,,,,,,,,,,,,,
Marcus Sorensen,F,4/7/1992,,,,,,,,,,,,,,,
Marek Hrivik,F,8/28/1991,,,,,,,,,,,,,,,
Marek Svatos,F,6/17/1982,-0.003,0.008,0.000,,,,,,,,,,,,
Marian Gaborik,F,2/14/1982,0.010,0.014,0.008,0.005,-0.003,-0.007,-0.010,0.032,-0.005,0.029,0.017,,,,
Marian Hossa,F,1/12/1979,0.003,0.013,-0.003,0.016,0.015,0.027,0.004,0.013,0.003,0.017,,,,,
Marian Studenic,F,10/28/1998,,,,,,,,,,,,,,,
Mario Kempe,F,9/19/1988,,,,,,,,,,,,,,,
Mark Arcobello,F,8/12/1988,,,,,,,0.001,-0.015,-0.025,,,,,,
Mark Bell,F,8/5/1980,,,,,,,,,,,,,,,
Mark Cullen,F,10/28/1978,,,,,,,,,,,,,,,
Mark Hartigan,F,10/15/1977,,,,,,,,,,,,,,,
Mark Jankowski,F,9/13/1994,,,,,,,,,,,-0.012,,,,
Mark Kastelic,F,3/11/1999,,,,,,,,,,,,,,,
Mark Letestu,F,2/4/1985,,,,0.012,0.005,0.043,0.030,,-0.004,0.030,-0.007,,,,
Mark Mancari,F,7/11/1985,,,,,,,,,,,,,,,
Mark McNeill,F,2/22/1993,,,,,,,,,,,,,,,
Mark Mowers,F,2/16/1974,0.000,,,,,,,,,,,,,,
Mark Olver,F,1/1/1988,,,,,,,,,,,,,,,
Mark Parrish,F,2/2/1977,0.019,0.029,,,,,,,,,,,,,
Mark Recchi,F,2/1/1968,0.012,0.022,0.030,0.025,,,,,,,,,,,
Mark Scheifele,F,3/15/1993,,,,,,,-0.011,-0.006,0.006,0.005,0.022,0.002,0.006,0.002,0.010
Mark Smith,F,10/24/1977,,,,,,,,,,,,,,,
Mark Stone,F,5/13/1992,,,,,,,,-0.009,-0.002,0.002,-0.016,0.009,0.021,0.009,0.000
Marko Dano,F,11/30/1994,,,,,,,,,,0.011,,,,,
Markus Granlund,F,4/16/1993,,,,,,,,,-0.019,0.006,-0.019,-0.002,,,
Markus Hannikainen,F,3/26/1993,,,,,,,,,,,,,,,
Markus Naslund,F,7/30/1973,0.011,0.011,,,,,,,,,,,,,
Martin Erat,F,8/29/1981,0.002,0.000,0.011,0.024,0.022,-0.004,-0.003,0.008,,,,,,,
Martin Frk,F,10/5/1993,,,,,,,,,,,-0.001,0.013,,,
Martin Gelinas,F,6/5/1970,0.003,,,,,,,,,,,,,,
Martin Hanzal,F,2/20/1987,-0.014,-0.017,-0.005,0.011,-0.011,0.010,-0.020,-0.031,-0.014,-0.003,-0.008,,,,
Martin Havlat,F,4/19/1981,0.006,0.002,0.003,-0.009,0.025,0.000,-0.013,0.032,,,,,,,
Martin Kaut,F,10/2/1999,,,,,,,,,,,,,,,
Martin Lapointe,F,9/12/1973,0.018,,,,,,,,,,,,,,
Martin Necas,F,1/15/1999,,,,,,,,,,,,,0.024,0.019,-0.003
Martin Rucinsky,F,3/11/1971,0.002,,,,,,,,,,,,,,
Martin St Pierre,F,8/11/1983,,,,,,,,,,,,,,,
Martin St. Louis,F,6/18/1975,0.010,-0.002,0.010,0.004,0.008,0.009,0.028,0.005,,,,,,,
Martin Straka,F,9/3/1972,0.004,,,,,,,,,,,,,,
Martins Karsums,F,2/26/1986,,,,,,,,,,,,,,,
Marty Reasoner,F,2/26/1977,-0.015,,,-0.020,,,,,,,,,,,
Mason Appleton,F,1/15/1996,,,,,,,,,,,,,,-0.033,-0.008
Mason Marchment,F,6/18/1995,,,,,,,,,,,,,,,-0.008
Mason McTavish,F,1/30/2003,,,,,,,,,,,,,,,
Mason Raymond,F,9/17/1985,-0.007,0.002,0.020,0.001,0.002,0.025,0.019,-0.018,-0.021,,,,,,
Mathew Barzal,F,5/26/1997,,,,,,,,,,,0.007,-0.010,0.001,-0.010,-0.010
Mathias Brome,F,7/29/1994,,,,,,,,,,,,,,-0.026,
Mathias Tjarnqvist,F,4/15/1979,,,,,,,,,,,,,,,
Mathieu Dandenault,F,2/3/1976,,,,,,,,,,,,,,,
Mathieu Darche,F,11/26/1976,0.005,,,-0.004,-0.022,,,,,,,,,,
Mathieu Joseph,F,2/9/1997,,,,,,,,,,,,,,,
Mathieu Olivier,F,2/11/1997,,,,,,,,,,,,,,,
Mathieu Perreault,F,1/5/1988,,,,-0.014,0.017,0.020,0.007,0.005,0.009,-0.011,0.010,0.019,0.013,0.004,-0.009
Matias Maccelli,F,10/14/2000,,,,,,,,,,,,,,,
Mats Sundin,F,2/13/1971,0.015,0.011,,,,,,,,,,,,,
Mats Zuccarello,F,9/1/1987,,,,-0.011,,-0.018,-0.009,-0.014,0.008,0.001,-0.010,0.006,0.021,0.023,0.018
Matt Anderson,F,10/31/1982,,,,,,,,,,,,,,,
Matt Beleskey,F,6/7/1988,,,,,,0.039,-0.015,0.012,0.004,-0.004,,,,,
Matt Boldy,F,4/5/2001,,,,,,,,,,,,,,,0.003
Matt Bradley,F,6/13/1978,,,,,,,,,,,,,,,
Matt Calvert,F,12/24/1989,,,,0.046,,,-0.001,-0.020,,,,,,,
Matt Carey,F,2/28/1992,,,,,,,,,,,,,,,
Matt Cooke,F,9/7/1978,,-0.010,0.008,-0.018,-0.007,,,,,,,,,,
Matt Cullen,F,11/2/1976,0.012,0.014,-0.007,0.010,0.012,-0.008,0.000,0.000,,,,,,,
Matt D'Agostini,F,10/23/1986,,0.000,,0.020,-0.001,-0.001,-0.007,,,,,,,,
Matt Duchene,F,1/16/1991,,,0.013,-0.013,0.013,-0.006,-0.003,-0.011,0.003,-0.007,0.014,0.013,-0.006,-0.018,0.028
Matt Ellis,F,8/31/1981,,,,,,,,,,,,,,,
Matt Foy,F,5/18/1983,,,,,,,,,,,,,,,
Matt Fraser,F,5/20/1990,,,,,,,,,,,,,,,
Matt Frattin,F,1/3/1988,,,,,-0.025,,-0.008,,,,,,,,
Matt Halischuk,F,6/1/1988,,,,,,,,,,,,,,,
Matt Hendricks,F,6/17/1981,,,,,,,,,,,,,,,
Matt Kassian,F,10/28/1986,,,,,,,,,,,,,,,
Matt Lorito,F,7/3/1990,,,,,,,,,,,,,,,
Matt Luff,F,5/5/1997,,,,,,,,,,,,,,,
Matt Martin,F,5/8/1989,,,,,-0.034,,,,,,,,,,
Matt Moulson,F,11/1/1983,,,-0.006,-0.009,0.018,0.009,0.007,-0.011,-0.007,0.030,,,,,
Matt Murley,F,12/17/1979,,,,,,,,,,,,,,,
Matt Nieto,F,11/5/1992,,,,,,,-0.001,-0.014,,-0.003,,,,,
Matt Pelech,F,9/4/1987,,,,,,,,,,,,,,,
Matt Pettinger,F,10/22/1980,0.003,,,,,,,,,,,,,,
Matt Puempel,F,1/24/1993,,,,,,,,,,,,,,,
Matt Read,F,6/14/1986,,,,,0.001,0.007,-0.010,-0.006,0.005,0.023,,,,,
Matt Stajan,F,12/19/1983,-0.012,0.002,0.005,-0.010,,,,,,,,,,,
Matthew Highmore,F,2/27/1996,,,,,,,,,,,,,,,
Matthew Lombardi,F,3/18/1982,-0.001,-0.017,-0.005,,,0.010,,,,,,,,,
Matthew Peca,F,4/27/1993,,,,,,,,,,,,,,,
Matthew Phillips,F,4/6/1998,,,,,,,,,,,,,,,
Matthew Tkachuk,F,12/11/1997,,,,,,,,,,-0.012,-0.001,0.009,-0.004,-0.015,-0.001
Mattias Janmark,F,12/8/1992,,,,,,,,,-0.016,,0.013,,0.008,0.019,-0.023
Mattias Ritola,F,3/14/1987,,,,-0.014,,,,,,,,,,,
Mattias Tedenby,F,2/21/1990,,,,-0.011,,,,,,,,,,,
Matty Beniers,F,11/5/2002,,,,,,,,,,,,,,,
Max Comtois,F,1/8/1999,,,,,,,,,,,,,0.006,-0.008,-0.021
Max Domi,F,3/2/1995,,,,,,,,,-0.014,-0.008,-0.021,0.005,-0.009,0.009,-0.023
Max Jones,F,2/17/1998,,,,,,,,,,,,,-0.035,0.009,
Max McCormick,F,5/1/1992,,,,,,,,,,,,,,,
Max Pacioretty,F,11/20/1988,,-0.023,,0.038,-0.016,0.000,0.008,0.012,0.005,0.019,-0.006,-0.005,0.013,0.029,0.007
Max Reinhart,F,2/4/1992,,,,,,,,,,,,,,,
Max Talbot,F,2/11/1984,,,,,,,,,,,,,,,
Max Veronneau,F,12/12/1995,,,,,,,,,,,,,,,
Max Willman,F,2/13/1995,,,,,,,,,,,,,,,
Maxim Afinogenov,F,9/4/1979,-0.011,-0.006,0.011,,,,,,,,,,,,
Maxim Lapierre,F,3/29/1985,,0.004,,,,,,,,,,,,,
Maxim Mamin,F,1/13/1995,,,,,,,,,,,,,,,
Maxime Macenauer,F,1/4/1989,,,,,,,,,,,,,,,
Melker Karlsson,F,7/18/1990,,,,,,,,0.013,-0.038,,,,,,
Michael Amadio,F,5/13/1996,,,,,,,,,,,,,-0.024,-0.010,
Michael Bournival,F,5/31/1992,,,,,,,,,,,,,,,
Michael Bunting,F,9/17/1995,,,,,,,,,,,,,,0.038,-0.012
Michael Carcone,F,5/19/1996,,,,,,,,,,,,,,,
Michael Chaput,F,4/9/1992,,,,,,,,,,,,,,,
Michael Dal Colle,F,6/20/1996,,,,,,,,,,,,,,,
Michael Frolik,F,2/17/1988,,-0.009,0.000,-0.015,,,-0.005,0.003,,0.012,-0.019,,,,
Michael Grabner,F,10/5/1987,,,0.029,-0.005,0.007,,,,,,,,,,
Michael Latta,F,5/25/1991,,,,,,,,,,,,,,,
Michael McCarron,F,3/7/1995,,,,,,,,,,,,,,,
Michael McLeod,F,2/3/1998,,,,,,,,,,,,,,,
Michael Mersch,F,10/2/1992,,,,,,,,,,,,,,,
Michael Nylander,F,10/3/1972,0.012,0.017,,,,,,,,,,,,,
Michael Peca,F,3/26/1974,0.007,-0.002,,,,,,,,,,,,,
Michael Pezzetta,F,3/13/1998,,,,,,,,,,,,,,,
Michael Raffl,F,12/1/1988,,,,,,,,,-0.016,,,,,,
Michael Rasmussen,F,4/17/1999,,,,,,,,,,,,0.001,,-0.032,-0.026
Michael Ryan,F,5/16/1980,,,,,,,,,,,,,,,
Michael Ryder,F,3/31/1980,-0.020,0.016,0.014,0.015,0.011,0.030,0.004,-0.013,,,,,,,
Michael Sgarbossa,F,7/25/1992,,,,,,,,,,,,,,,
Michael Zalewski,F,8/18/1992,,,,,,,,,,,,,,,
Michael Zigomanis,F,1/17/1981,,,,,,,,,,,,,,,
Michal Handzus,F,3/11/1977,,0.007,0.005,0.002,0.004,,,,,,,,,,
Michal Repik,F,12/31/1988,,,,,,,,,,,,,,,
Micheal Ferland,F,4/20/1992,,,,,,,,,-0.010,0.011,-0.003,0.008,,,
Micheal Haley,F,3/30/1986,,,,,,,,,,,,,,,
Michel Ouellet,F,3/5/1982,0.013,,,,,,,,,,,,,,
Miikka Salomaki,F,3/9/1993,,,,,,,,,,,,,,,
Mika Zibanejad,F,4/18/1993,,,,,,0.005,-0.001,-0.006,-0.012,-0.005,0.027,0.022,0.030,-0.003,0.023
Mikael Backlund,F,3/17/1989,,,,0.016,0.032,0.017,0.007,-0.023,0.001,0.016,0.000,-0.013,0.007,-0.014,-0.016
Mikael Granlund,F,2/26/1992,,,,,,-0.007,-0.001,-0.015,-0.008,0.012,0.002,-0.002,0.002,0.017,-0.003
Mikael Samuelsson,F,12/23/1976,0.000,0.016,0.010,0.016,0.033,,-0.005,,,,,,,,
Mike Angelidis,F,6/27/1985,,,,,,,,,,,,,,,
Mike Blunden,F,12/15/1986,,,,,,,,,,,,,,,
Mike Brown,F,6/24/1985,,,,,,,,,,,,,,,
Mike Cammalleri,F,6/8/1982,-0.004,0.029,-0.003,0.008,-0.015,0.017,0.007,0.038,0.009,-0.013,0.002,,,,
Mike Comrie,F,9/11/1980,-0.004,-0.004,0.010,-0.005,,,,,,,,,,,
Mike Duco,F,7/8/1987,,,,,,,,,,,,,,,
Mike Fisher,F,6/5/1980,0.007,-0.015,0.013,-0.007,0.012,-0.002,0.003,0.029,0.013,0.034,,,,,
Mike Glumac,F,4/5/1980,,,,,,,,,,,,,,,
Mike Grier,F,1/5/1975,,,,,,,,,,,,,,,
Mike Halmo,F,5/15/1991,,,,,,,,,,,,,,,
Mike Hardman,F,2/5/1999,,,,,,,,,,,,,,,
Mike Hoffman,F,11/24/1989,,,,,,,-0.007,-0.008,0.026,0.020,0.009,0.034,0.016,0.043,0.006
Mike Iggulden,F,11/9/1982,,,,,,,,,,,,,,,
Mike Johnson,F,10/3/1974,,,,,,,,,,,,,,,
Mike Knuble,F,7/4/1972,0.019,0.025,0.012,0.015,-0.009,0.015,,,,,,,,,
Mike Liambas,F,2/16/1989,,,,,,,,,,,,,,,
Mike Modano,F,6/7/1970,0.007,0.014,0.013,0.003,,,,,,,,,,,
Mike Ribeiro,F,2/10/1980,0.013,0.007,0.018,0.005,0.004,0.032,0.009,0.005,0.010,0.015,,,,,
Mike Richards,F,2/11/1985,0.004,0.004,0.019,-0.001,-0.015,0.027,-0.013,-0.002,,,,,,,
Mike Rupp,F,1/13/1980,,,,-0.011,,,,,,,,,,,
Mike Santorelli,F,12/14/1985,,,,-0.015,0.009,,-0.006,,0.009,,,,,,
Mike Sillinger,F,6/29/1971,0.017,,,,,,,,,,,,,,
Mike Sislo,F,1/20/1988,,,,,,,,,,,,,,,
Mike Vecchione,F,2/25/1993,,,,,,,,,,,,,,,
Mike York,F,1/3/1978,0.012,,,,,,,,,,,,,,
Mikhail Grabovski,F,1/31/1984,,0.017,-0.004,0.014,0.005,-0.011,0.024,-0.015,-0.008,,,,,,
Mikhail Grigorenko,F,5/16/1994,,,,,,,,,-0.003,-0.011,,,,,
Mikhail Maltsev,F,3/12/1998,,,,,,,,,,,,,,,
Mikhail Vorobyev,F,1/5/1997,,,,,,,,,,,,,,,
Mikkel Boedker,F,12/16/1989,,-0.005,,-0.013,-0.012,0.002,0.010,0.008,-0.005,-0.011,0.023,0.002,,,
Mikko Koivu,F,3/12/1983,-0.011,-0.003,0.003,0.010,-0.009,-0.018,-0.002,-0.006,0.023,-0.013,-0.005,0.012,0.006,,
Mikko Lehtonen,F,4/1/1987,,,,,,,,,,,,,,,
Mikko Rantanen,F,10/29/1996,,,,,,,,,,0.005,0.017,0.033,0.033,0.008,0.021
Milan Hejduk,F,2/14/1976,0.008,0.013,0.019,0.023,0.014,0.032,,,,,,,,,
Milan Lucic,F,6/7/1988,-0.009,-0.004,-0.031,-0.007,0.013,-0.015,-0.005,0.001,-0.013,0.015,-0.006,0.008,0.018,0.001,0.005
Milan Michalek,F,12/7/1984,-0.017,0.000,0.009,-0.024,0.019,-0.019,0.001,0.008,0.004,,,,,,
Miles Wood,F,9/13/1995,,,,,,,,,,-0.007,0.015,-0.007,-0.025,0.013,
Miroslav Satan,F,10/22/1974,0.006,0.012,-0.011,,,,,,,,,,,,
Mitchell Fritz,F,11/24/1980,,,,,,,,,,,,,,,
Mitchell Marner,F,5/5/1997,,,,,,,,,,0.003,0.012,-0.005,0.009,-0.016,-0.002
Mitchell Stephens,F,2/5/1997,,,,,,,,,,,,,,,
Morgan Barron,F,12/2/1998,,,,,,,,,,,,,,,
Morgan Frost,F,5/14/1999,,,,,,,,,,,,,-0.016,,-0.009
Morgan Geekie,F,7/20/1998,,,,,,,,,,,,,,0.018,-0.024
Nail Yakupov,F,10/6/1993,,,,,,0.018,0.002,0.003,-0.009,,-0.002,,,,
Nate Thompson,F,10/5/1984,,,,,,,,,,,,,,,
Nathan Bastian,F,12/6/1997,,,,,,,,,,,,,,,-0.012
Nathan Gerbe,F,7/24/1987,,,,0.004,,-0.018,-0.001,-0.005,-0.009,,,,,,
Nathan Horton,F,5/29/1985,0.018,-0.001,0.009,0.001,0.027,-0.010,0.017,,,,,,,,
Nathan MacKinnon,F,9/1/1995,,,,,,,0.003,0.002,0.005,-0.011,0.022,0.001,0.016,0.010,-0.007
Nathan Smith,F,2/9/1982,,,,,,,,,,,,,,,
Nathan Walker,F,2/7/1994,,,,,,,,,,,,,,,
Nazem Kadri,F,10/6/1990,,,,-0.017,0.016,0.017,0.016,-0.006,-0.002,0.023,0.015,-0.026,-0.006,-0.015,-0.013
Nic Dowd,F,5/27/1990,,,,,,,,,,-0.013,,,,,
Nic Petan,F,3/22/1995,,,,,,,,,-0.029,-0.030,,,,,
Nicholas Abruzzese,F,6/4/1999,,,,,,,,,,,,,,,
Nicholas Baptiste,F,8/4/1995,,,,,,,,,,,,,,,
Nicholas Merkley,F,5/24/1997,,,,,,,,,,,,,,,
Nicholas Paul,F,3/20/1995,,,,,,,,,,,,,,,0.016
Nicholas Robertson,F,9/11/2001,,,,,,,,,,,,,,,
Nick Bjugstad,F,7/17/1992,,,,,,,-0.031,0.010,-0.004,-0.021,-0.028,-0.006,,-0.025,
Nick Bonino,F,4/20/1988,,,,,-0.039,0.003,0.003,-0.009,0.006,0.026,-0.012,-0.001,-0.002,0.020,-0.004
Nick Caamano,F,9/7/1998,,,,,,,,,,,,,,,
Nick Cousins,F,7/20/1993,,,,,,,,,,0.002,,0.005,0.000,-0.012,0.009
Nick Drazenovic,F,1/14/1987,,,,,,,,,,,,,,,
Nick Foligno,F,10/31/1987,,0.008,0.003,0.017,-0.002,-0.001,0.005,0.029,-0.024,0.018,0.001,-0.013,-0.006,0.008,-0.009
Nick Johnson,F,12/24/1985,,,,,,,,,,,,,,,
Nick Lappin,F,11/1/1992,,,,,,,,,,,,,,,
Nick Merkley,F,5/23/1997,,,,,,,,,,,,,,,
Nick Palmieri,F,7/12/1989,,,,,,,,,,,,,,,
Nick Paul,F,3/20/1995,,,,,,,,,,,,,,,
Nick Ritchie,F,12/5/1995,,,,,,,,,,-0.005,-0.022,-0.017,0.002,0.001,-0.027
Nick Schmaltz,F,2/23/1996,,,,,,,,,,-0.009,0.001,0.022,-0.003,0.000,0.008
Nick Shore,F,9/26/1992,,,,,,,,,,,,,,,
Nick Sorensen,F,10/23/1994,,,,,,,,,,,,,,,
Nick Spaling,F,9/19/1988,,,,,,,0.016,,,,,,,,
Nick Suzuki,F,8/10/1999,,,,,,,,,,,,,0.019,0.023,0.011
Nick Tarnasky,F,11/25/1984,,,,,,,,,,,,,,,
Nicklas Backstrom,F,11/23/1987,-0.007,0.022,0.011,-0.008,0.004,0.003,-0.002,0.000,0.004,0.018,0.010,0.012,-0.002,0.012,-0.004
Nicklas Jensen,F,3/6/1993,,,,,,,,,,,,,,,
Niclas Bergfors,F,3/7/1987,,,0.016,0.003,,,,,,,,,,,
Nico Hischier,F,1/4/1999,,,,,,,,,,,-0.021,-0.013,-0.024,0.005,-0.010
Nico Sturm,F,5/3/1995,,,,,,,,,,,,,,,
Nicolas Aube-Kubel,F,5/10/1996,,,,,,,,,,,,,,,
Nicolas Blanchard,F,5/31/1987,,,,,,,,,,,,,,,
Nicolas Deslauriers,F,2/22/1991,,,,,,,,,,,,,,,
Nicolas Kerdiles,F,1/11/1994,,,,,,,,,,,,,,,
Nicolas Roy,F,2/5/1997,,,,,,,,,,,,,,,-0.023
Nigel Dawes,F,2/9/1985,-0.005,0.010,0.004,,,,,,,,,,,,
Nik Antropov,F,2/18/1980,0.022,0.005,0.008,0.008,0.015,0.021,,,,,,,,,
Nikita Filatov,F,5/25/1990,,,,-0.013,,,,,,,,,,,
Nikita Gusev,F,7/8/1992,,,,,,,,,,,,,-0.002,-0.019,
Nikita Kucherov,F,6/17/1993,,,,,,,0.012,-0.010,0.013,0.033,-0.001,0.026,-0.003,,0.023
Nikita Scherbak,F,12/30/1995,,,,,,,,,,,-0.002,,,,
Nikita Soshnikov,F,10/14/1993,,,,,,,,,,-0.050,,,,,
Niklas Hagman,F,12/5/1979,0.003,0.014,-0.006,0.011,0.012,,,,,,,,,,
Niko Kapanen,F,4/29/1978,0.014,,,,,,,,,,,,,,
Nikolai Prokhorkin,F,9/17/1993,,,,,,,,,,,,,,,
Nikolaj Ehlers,F,2/14/1996,,,,,,,,,0.009,0.002,0.022,0.012,0.007,0.052,-0.005
Nikolay Goldobin,F,10/7/1995,,,,,,,,,,,0.040,-0.007,,,
Nikolay Kulemin,F,7/14/1986,,-0.012,-0.024,0.004,-0.005,,,,,,,,,,
Nikolay Zherdev,F,11/5/1984,0.003,-0.015,,-0.014,,,,,,,,,,,
Nils Hoglander,F,12/20/2000,,,,,,,,,,,,,,-0.006,-0.036
Nino Niederreiter,F,9/8/1992,,,,,,,-0.008,0.021,-0.013,0.014,0.012,0.003,-0.001,0.027,0.009
Noah Cates,F,2/5/1999,,,,,,,,,,,,,,,
Noah Gregor,F,7/28/1998,,,,,,,,,,,,,,,-0.015
Noel Acciari,F,12/1/1991,,,,,,,,,,,,,,,
Nolan Foote,F,11/29/2000,,,,,,,,,,,,,,,
Nolan Patrick,F,9/19/1998,,,,,,,,,,,0.011,-0.013,,0.008,-0.032
Oliver Bjorkstrand,F,4/10/1995,,,,,,,,,,-0.021,0.005,0.008,-0.005,0.000,0.004
Oliver Wahlstrom,F,6/13/2000,,,,,,,,,,,,,,0.017,0.011
Olli Jokinen,F,12/5/1978,0.029,-0.001,-0.004,-0.003,0.010,-0.017,0.000,,,,,,,,
Ondrej Kase,F,11/8/1995,,,,,,,,,,,-0.013,-0.013,-0.019,,0.040
Ondrej Palat,F,3/28/1991,,,,,,,-0.002,0.003,-0.009,0.002,0.012,-0.002,0.019,0.023,-0.001
Oscar Lindberg,F,10/29/1991,,,,,,,,,-0.007,,,,,,
Oscar Moller,F,1/22/1989,,0.010,-0.001,-0.037,,,,,,,,,,,
Oskar Lindblom,F,8/15/1996,,,,,,,,,,,-0.010,-0.028,0.029,,-0.043
Oskar Steen,F,3/9/1998,,,,,,,,,,,,,,,
Oskar Sundqvist,F,3/23/1994,,,,,,,,,,,,,,,-0.010
Otto Koivula,F,9/1/1998,,,,,,,,,,,,,,,
Owen Nolan,F,2/12/1972,-0.008,0.042,0.006,,,,,,,,,,,,
Owen Tippett,F,2/16/1999,,,,,,,,,,,,,,0.011,-0.009
P.J. Axelsson,F,2/26/1975,0.001,-0.001,,,,,,,,,,,,,
PA Parenteau,F,3/24/1983,,,-0.004,0.009,0.005,0.026,-0.011,0.007,0.009,0.018,,,,,
Par Lindholm,F,10/5/1991,,,,,,,,,,,,,,,
Parker Kelly,F,5/14/1999,,,,,,,,,,,,,,,
Pascal Dupuis,F,4/7/1979,,,,0.000,-0.015,0.018,,,,,,,,,
Pascal Pelletier,F,6/16/1983,,,,,,,,,,,,,,,
Pat Maroon,F,4/23/1988,,,,,,,,,,,,-0.019,-0.005,0.018,0.016
Patric Hornqvist,F,1/1/1987,,,0.000,-0.010,0.009,0.006,0.000,-0.011,0.002,0.013,0.008,-0.010,-0.038,0.004,-0.013
Patrice Bergeron,F,7/24/1985,0.042,-0.016,-0.016,-0.005,0.004,0.000,0.013,-0.018,0.011,-0.002,0.019,0.013,0.020,0.007,-0.002
Patrice Cormier,F,6/14/1990,,,,,,,,,,,,,,,
Patrick Bordeleau,F,3/23/1986,,,,,,,,,,,,,,,
Patrick Brown,F,5/29/1992,,,,,,,,,,,,,,,
Patrick Dwyer,F,6/22/1983,,,,,,,,,,,,,,,
Patrick Eaves,F,5/1/1984,0.004,,,,,,,0.024,0.025,0.019,,,,,
Patrick Holland,F,1/7/1992,,,,,,,,,,,,,,,
Patrick Kaleta,F,6/8/1986,,,,,,,,,,,,,,,
Patrick Kane,F,11/19/1988,-0.005,0.014,0.006,-0.002,-0.006,0.039,0.013,0.006,0.035,0.001,0.001,0.005,0.006,-0.003,0.010
Patrick Marleau,F,9/15/1979,0.000,0.010,0.010,0.006,0.006,0.013,0.008,-0.004,0.014,0.017,0.011,0.007,0.003,0.032,
Patrick Maroon,F,4/23/1988,,,,,,,-0.011,-0.019,0.014,-0.009,-0.022,,,,
Patrick O'Sullivan,F,2/1/1985,-0.010,-0.016,-0.002,-0.014,-0.012,,,,,,,,,,
Patrick Rissmiller,F,10/26/1978,,,,,,,,,,,,,,,
Patrick Russell,F,1/4/1993,,,,,,,,,,,,,,,
Patrick Sharp,F,12/27/1981,0.012,0.016,-0.004,0.017,0.008,-0.004,0.013,0.023,0.011,-0.001,-0.006,,,,
Patrick Thoresen,F,11/7/1983,,,,,,,,,,,,,,,
Patrik Berglund,F,6/2/1988,,0.002,0.011,0.009,-0.029,0.027,0.005,-0.005,0.089,0.014,0.008,,,,
Patrik Elias,F,4/13/1976,0.006,0.020,0.005,0.014,0.022,0.019,0.022,0.016,0.000,,,,,,
Patrik Laine,F,4/19/1998,,,,,,,,,,0.019,0.047,0.015,0.005,0.024,0.001
Paul Bissonnette,F,3/11/1985,,,,,,,,,,,,,,,
Paul Byron,F,4/27/1989,,,,,,,0.032,,,-0.009,-0.005,-0.006,,,
Paul Carey,F,9/24/1988,,,,,,,,,,,,,,,
Paul Cotter,F,11/16/1999,,,,,,,,,,,,,,,
Paul Gaustad,F,2/3/1982,-0.004,0.013,-0.002,0.006,,,,,,,,,,,
Paul Kariya,F,10/16/1974,0.010,-0.018,0.009,,,,,,,,,,,,
Paul Stastny,F,12/27/1985,-0.010,0.012,-0.001,-0.010,0.004,0.001,0.007,0.016,0.001,0.012,-0.010,0.005,0.006,-0.002,0.014
Paul Szczechura,F,11/30/1985,,,,,,,,,,,,,,,
Paul Thompson,F,11/30/1988,,,,,,,,,,,,,,,
Pavel Buchnevich,F,4/17/1995,,,,,,,,,,-0.011,0.005,0.033,-0.003,-0.009,0.020
Pavel Datsyuk,F,7/20/1978,0.007,0.017,0.017,0.019,0.007,0.033,0.032,0.024,0.024,,,,,,
Pavel Zacha,F,4/6/1997,,,,,,,,,,0.023,-0.007,0.017,0.011,0.015,0.001
Pavol Demitra,F,11/29/1974,0.003,0.009,0.012,,,,,,,,,,,,
Peter Cehlarik,F,8/2/1995,,,,,,,,,,,,,,,
Peter Forsberg,F,7/20/1973,0.004,,,,,,,,,,,,,,
Peter Holland,F,1/14/1991,,,,,,,,0.007,0.002,0.000,,,,,
Peter Mueller,F,4/14/1988,0.000,0.003,0.013,,-0.003,0.000,,,,,,,,,
Peter Olvecky,F,10/11/1985,,,,,,,,,,,,,,,
Peter Regin,F,4/16/1986,,,-0.001,-0.023,,,,,,,,,,,
Peter Schaefer,F,7/12/1977,-0.005,,,,,,,,,,,,,,
Petr Prucha,F,9/14/1982,-0.013,-0.016,0.001,,,,,,,,,,,,
Petr Sykora,F,11/19/1976,0.013,0.020,,,0.012,,,,,,,,,,
Petr Vrana,F,3/29/1985,,,,,,,,,,,,,,,
Petri Kontiola,F,10/4/1984,,,,,,,,,,,,,,,
Petteri Nokelainen,F,1/16/1986,,,,,,,,,,,,,,,
Peyton Krebs,F,1/26/2001,,,,,,,,,,,,,,,-0.011
Phil Kessel,F,10/2/1987,0.008,0.015,-0.002,0.011,0.012,0.013,0.001,0.002,-0.013,0.008,0.020,0.020,0.026,0.018,-0.002
Phil Varone,F,12/4/1990,,,,,,,,,,,,,,,
Philip McRae,F,3/15/1990,,,,,,,,,,,,,,,
Philip Tomasino,F,7/28/2001,,,,,,,,,,,,,,,0.011
Philipp Kurashev,F,10/12/1999,,,,,,,,,,,,,,0.011,0.014
Philippe Cornet,F,3/28/1990,,,,,,,,,,,,,,,
Philippe Dupuis,F,4/24/1985,,,,,,,,,,,,,,,
Phillip Danault,F,2/24/1993,,,,,,,,,,-0.006,-0.028,-0.018,-0.004,,-0.015
Phillip Di Giuseppe,F,10/9/1993,,,,,,,,,-0.022,,,,,,
Pierre Engvall,F,5/31/1996,,,,,,,,,,,,,,,-0.011
Pierre-Cedric Labrie,F,12/6/1986,,,,,,,,,,,,,,,
Pierre-Edouard Bellemare,F,3/6/1985,,,,,,,,,,,,,,,
Pierre-Luc Dubois,F,6/24/1998,,,,,,,,,,,0.009,-0.008,-0.012,-0.011,0.018
Pierre-Luc Letourneau-Leblond,F,6/4/1985,,,,,,,,,,,,,,,
Pierre-Marc Bouchard,F,4/27/1984,0.008,-0.003,,-0.012,0.004,-0.006,0.007,,,,,,,,
Pius Suter,F,5/24/1996,,,,,,,,,,,,,,-0.012,-0.023
Pontus Aberg,F,9/23/1993,,,,,,,,,,,,0.007,,,
Quintin Laing,F,6/8/1979,,,,,,,,,,,,,,,
Quinton Byfield,F,8/19/2002,,,,,,,,,,,,,,,
Quinton Howden,F,1/21/1992,,,,,,,,,,,,,,,
R.J. Umberger,F,5/3/1982,0.012,0.001,-0.002,-0.009,-0.009,0.000,0.026,0.010,,,,,,,
Radek Bonk,F,1/9/1976,0.006,0.024,,,,,,,,,,,,,
Radek Dvorak,F,3/9/1977,,-0.022,0.011,,,,,,,,,,,,
Radek Faksa,F,1/9/1994,,,,,,,,,,-0.012,,-0.002,-0.001,-0.003,
Radek Smolenak,F,12/3/1986,,,,,,,,,,,,,,,
Radim Vrbata,F,6/13/1981,0.003,0.007,0.012,0.012,0.017,0.002,0.018,0.019,-0.001,-0.003,0.007,,,,
Radim Zohorna,F,4/29/1996,,,,,,,,,,,,,,,
Rafael Harvey-Pinard,F,1/6/1999,,,,,,,,,,,,,,,
Raffi Torres,F,10/8/1981,-0.007,0.014,0.027,0.023,-0.001,0.009,,,,,,,,,
Raitis Ivanans,F,1/3/1979,,,,,,,,,,,,,,,
Randy Robitaille,F,10/12/1975,-0.007,,,,,,,,,,,,,,
Rasmus Asplund,F,12/3/1997,,,,,,,,,,,,,,,0.008
Rasmus Kupari,F,3/15/2000,,,,,,,,,,,,,,,0.015
Ray Whitney,F,5/8/1972,0.005,0.006,0.011,0.001,0.018,0.028,0.004,,,,,,,,
Reese Johnson,F,7/10/1998,,,,,,,,,,,,,,,
Reid Boucher,F,9/8/1993,,,,,,,,,0.009,-0.006,,,,,
Reilly Smith,F,4/1/1991,,,,,,-0.009,0.020,-0.010,0.009,0.005,0.015,-0.013,-0.006,-0.002,-0.008
Rem Pitlick,F,4/2/1997,,,,,,,,,,,,,,,-0.017
Remi Elie,F,4/16/1995,,,,,,,,,,,,,,,
Rene Bourque,F,12/10/1981,-0.027,-0.011,0.004,-0.002,-0.004,-0.001,0.020,0.033,,0.005,,,,,
Rhett Gardner,F,2/28/1996,,,,,,,,,,,,,,,
Rhett Rakhshani,F,3/6/1988,,,,,,,,,,,,,,,
Rich Clune,F,4/25/1987,,,,,,,,,,,,,,,
Rich Peverley,F,7/8/1982,,0.002,0.012,0.008,-0.002,-0.004,-0.010,,,,,,,,
Richard Panik,F,2/7/1991,,,,,,,-0.017,0.013,,0.002,0.008,-0.019,,,
Richard Park,F,5/27/1976,0.003,0.018,,,,,,,,,,,,,
Richard Zednik,F,1/6/1976,0.007,-0.001,,,,,,,,,,,,,
Rick Nash,F,6/16/1984,-0.003,-0.004,0.017,-0.008,0.000,-0.003,-0.004,-0.001,0.001,0.011,0.003,,,,
Rick Rypien,F,5/16/1984,,,,,,,,,,,,,,,
Rickard Rakell,F,5/5/1993,,,,,,,,0.003,-0.007,-0.001,0.006,0.010,-0.004,-0.028,0.009
Riley Armstrong,F,11/8/1984,,,,,,,,,,,,,,,
Riley Barber,F,2/7/1994,,,,,,,,,,,,,,,
Riley Cote,F,3/16/1982,,,,,,,,,,,,,,,
Riley Damiani,F,3/20/2000,,,,,,,,,,,,,,,
Riley Nash,F,5/9/1989,,,,,,,-0.007,-0.006,0.016,,0.032,,,,
Riley Sheahan,F,12/7/1991,,,,,,,-0.003,-0.001,0.012,-0.001,0.016,,,,
Riley Tufte,F,4/10/1998,,,,,,,,,,,,,,,
Rob Globke,F,10/24/1982,,,,,,,,,,,,,,,
Rob Klinkhammer,F,8/12/1986,,,,,,,,,,,,,,,
Rob Niedermayer,F,12/28/1974,-0.008,,0.001,,,,,,,,,,,,
Rob Schremp,F,7/1/1986,,,0.016,0.010,,,,,,,,,,,
Robbie Earl,F,6/2/1985,,,,,,,,,,,,,,,
Robby Fabbri,F,1/22/1996,,,,,,,,,0.009,0.011,,,0.022,-0.008,0.013
Robert Lang,F,12/19/1970,0.015,0.027,0.010,,,,,,,,,,,,
Robert Nilsson,F,1/10/1985,0.004,0.006,0.001,,,,,,,,,,,,
Robert Thomas,F,7/2/1999,,,,,,,,,,,,0.010,-0.009,-0.014,0.002
Rocco Grimaldi,F,2/8/1993,,,,,,,,,,,,,,,
Rod Brind'Amour,F,8/9/1970,0.010,0.014,0.000,,,,,,,,,,,,
Rod Pelley,F,9/1/1984,,,,,,,,,,,,,,,
Roman Cervenka,F,12/10/1985,,,,,,0.007,,,,,,,,,
Roman Horak,F,5/21/1991,,,,,,,,,,,,,,,
Roman Lyubimov,F,1/6/1992,,,,,,,,,,,,,,,
Ronalds Kenins,F,2/28/1991,,,,,,,,,,,,,,,
Roope Hintz,F,11/17/1996,,,,,,,,,,,,0.003,0.005,0.025,0.016
Ross Colton,F,9/11/1996,,,,,,,,,,,,,,,-0.009
Ross Johnston,F,2/18/1994,,,,,,,,,,,,,,,
Rostislav Olesz,F,10/10/1985,0.017,-0.021,-0.010,0.003,,,,,,,,,,,
Rourke Chartier,F,4/3/1996,,,,,,,,,,,,,,,
Rudolfs Balcers,F,4/8/1997,,,,,,,,,,,,0.037,,-0.016,
Ruslan Fedotenko,F,1/18/1979,0.032,0.000,0.011,-0.004,,,,,,,,,,,
Ryan Bayda,F,12/9/1980,,,,,,,,,,,,,,,
Ryan Callahan,F,3/21/1985,,-0.017,-0.001,0.006,0.013,0.019,0.013,0.016,-0.003,,0.002,,,,
Ryan Carpenter,F,1/18/1991,,,,,,,,,,,,,,0.019,
Ryan Carter,F,8/3/1983,,,,,,,,,,,,,,,
Ryan Craig,F,1/6/1982,,,,,,,,,,,,,,,
Ryan Donato,F,4/9/1996,,,,,,,,,,,,0.001,-0.029,-0.022,-0.039
Ryan Dzingel,F,3/9/1992,,,,,,,,,,-0.015,0.007,0.019,0.002,0.016,
Ryan Garbutt,F,8/12/1985,,,,,,,,,,,,,,,
Ryan Getzlaf,F,5/10/1985,-0.010,0.005,0.006,0.007,-0.007,0.012,-0.001,-0.005,0.007,0.013,-0.015,-0.006,0.008,0.016,0.004
Ryan Hamilton,F,4/15/1985,,,,,,,,,,,,,,,
Ryan Hartman,F,9/20/1994,,,,,,,,,,-0.001,-0.017,,,-0.011,-0.031
Ryan Hollweg,F,4/23/1983,,,,,,,,,,,,,,,
Ryan Johansen,F,7/31/1992,,,,,-0.008,-0.026,0.001,0.006,-0.008,-0.001,-0.010,-0.007,-0.002,0.003,0.025
Ryan Johnson,F,6/14/1976,,,,,,,,,,,,,,,
Ryan Jones,F,6/14/1984,,0.005,-0.011,-0.004,0.030,,,,,,,,,,
Ryan Kesler,F,8/31/1984,-0.004,0.018,0.019,0.006,-0.007,0.011,-0.005,-0.013,-0.001,-0.006,-0.003,-0.007,,,
Ryan Kuffner,F,6/12/1996,,,,,,,,,,,,,,,
Ryan Lomberg,F,9/12/1994,,,,,,,,,,,,,,,
Ryan MacInnis,F,2/14/1996,,,,,,,,,,,,,,,
Ryan Malone,F,12/1/1979,0.024,0.004,0.005,0.006,0.002,0.020,-0.027,,,,,,,,
Ryan McLeod,F,9/21/1999,,,,,,,,,,,,,,,0.016
Ryan Nugent-Hopkins,F,4/12/1993,,,,,-0.005,-0.008,0.001,-0.013,0.008,0.015,0.005,0.009,0.006,0.018,-0.015
Ryan O'Marra,F,6/9/1987,,,,,,,,,,,,,,,
Ryan O'Reilly,F,2/7/1991,,,-0.018,0.023,0.006,0.021,0.007,-0.016,0.012,0.018,0.020,0.000,-0.005,0.006,0.019
Ryan Poehling,F,1/3/1999,,,,,,,,,,,,,,,-0.003
Ryan Potulny,F,9/5/1984,,,0.018,,,,,,,,,,,,
Ryan Reaves,F,1/20/1987,,,,,,,,,,,,0.010,,,
Ryan Russell,F,5/2/1987,,,,,,,,,,,,,,,
Ryan Shannon,F,3/2/1983,0.016,0.023,-0.009,0.041,0.012,,,,,,,,,,
Ryan Smyth,F,2/21/1976,-0.012,0.007,0.014,0.018,0.006,-0.017,0.011,,,,,,,,
Ryan Spooner,F,1/30/1992,,,,,,,-0.014,0.013,0.001,-0.004,-0.006,-0.019,,,
Ryan Stoa,F,4/13/1987,,,,-0.053,,,,,,,,,,,
Ryan Stone,F,3/20/1985,,,,,,,,,,,,,,,
Ryan Strome,F,7/11/1993,,,,,,,0.021,-0.014,-0.007,-0.010,-0.011,0.023,-0.006,0.003,0.002
Ryan Vesce,F,4/7/1982,,,,,,,,,,,,,,,
Ryan White,F,3/17/1988,,,,,,,,,0.024,,,,,,
Ryane Clowe,F,9/30/1982,0.033,0.024,-0.005,0.003,-0.010,-0.001,0.020,-0.003,,,,,,,
Saku Koivu,F,11/23/1974,0.006,0.004,0.001,0.005,-0.012,0.021,0.007,,,,,,,,
Saku Maenalanen,F,5/29/1994,,,,,,,,,,,,,,,
Sam Bennett,F,6/20/1996,,,,,,,,,-0.010,0.024,-0.004,0.012,-0.019,-0.004,0.002
Sam Carrick,F,2/4/1992,,,,,,,,,,,,,,,
Sam Gagner,F,8/10/1989,-0.005,0.006,0.007,-0.009,0.002,0.008,-0.014,0.008,0.004,0.001,0.003,0.006,0.027,-0.006,-0.014
Sam Lafferty,F,3/6/1995,,,,,,,,,,,,,,,
Sam Reinhart,F,11/6/1995,,,,,,,,,0.003,-0.006,0.008,-0.015,-0.002,0.034,0.028
Sam Steel,F,2/3/1998,,,,,,,,,,,,-0.018,-0.013,-0.019,-0.020
Sami Kapanen,F,6/14/1973,,,,,,,,,,,,,,,
Sammy Blais,F,6/17/1996,,,,,,,,,,,,,-0.008,,
Sampo Ranta,F,5/31/2000,,,,,,,,,,,,,,,
Samuel Fagemo,F,3/14/2000,,,,,,,,,,,,,,,
Samuel Morin,D,7/12/1995,,,,,,,,,,,,,,,
Samuel Pahlsson,F,12/17/1977,0.000,-0.003,,,,,,,,,,,,,
Sasha Chmelevski,F,6/9/1999,,,,,,,,,,,,,,,
Scott Glennie,F,2/22/1991,,,,,,,,,,,,,,,
Scott Gomez,F,12/23/1979,-0.001,-0.013,0.004,0.002,0.008,-0.016,-0.003,0.004,0.009,,,,,,
Scott Hartnell,F,4/18/1982,0.029,0.009,0.016,0.005,0.021,0.010,0.009,0.012,0.026,0.000,0.013,,,,
Scott Kosmachuk,F,1/24/1994,,,,,,,,,,,,,,,
Scott Laughton,F,5/30/1994,,,,,,,,,,,,,,,-0.019
Scott Nichol,F,12/31/1974,,,,,,,,,,,,,,,
Scott Parse,F,9/5/1984,,,,,,,,,,,,,,,
Scott Reedy,F,4/4/1999,,,,,,,,,,,,,,,0.014
Scott Sabourin,F,7/30/1992,,,,,,,,,,,,,,,
Scott Thornton,F,1/9/1971,,,,,,,,,,,,,,,
Scott Timmins,F,9/11/1989,,,,,,,,,,,,,,,
Scott Walker,F,7/19/1973,0.011,-0.001,,,,,,,,,,,,,
Scott Wilson,F,4/24/1992,,,,,,,,,,,,,,,
Scottie Upshall,F,10/7/1983,0.012,0.012,-0.008,0.001,-0.001,,-0.013,,,,,,,,
Sean Avery,F,4/10/1980,-0.008,-0.002,0.015,,,,,,,,,,,,
Sean Bentivoglio,F,10/16/1985,,,,,,,,,,,,,,,
Sean Bergenheim,F,2/8/1984,-0.025,,,0.005,0.011,,-0.008,,,,,,,,
Sean Collins,D,10/30/1983,,,,,,,,,,,,,,,
Sean Couturier,F,12/7/1992,,,,,-0.018,-0.022,-0.011,-0.003,-0.001,-0.006,-0.007,-0.001,-0.006,0.009,-0.003
Sean Kuraly,F,1/20/1993,,,,,,,,,,,,,,,
Sean Malone,F,4/30/1995,,,,,,,,,,,,,,,
Sean Monahan,F,10/12/1994,,,,,,,-0.006,0.011,-0.008,-0.009,-0.016,0.005,0.011,0.001,0.009
Sebastian Aho,F,7/26/1997,,,,,,,,,,0.011,0.010,-0.013,0.007,0.018,0.014
Sergei Brylin,F,1/13/1974,0.005,,,,,,,,,,,,,,
Sergei Fedorov,F,12/13/1969,0.014,0.012,,,,,,,,,,,,,
Sergei Kostitsyn,F,3/20/1987,0.011,0.018,,0.014,-0.001,-0.001,,,,,,,,,
Sergei Plotnikov,F,6/3/1990,,,,,,,,,,,,,,,
Sergei Samsonov,F,10/27/1978,0.003,-0.004,-0.004,0.005,,,,,,,,,,,
Sergei Shirokov,F,3/10/1986,,,,,,,,,,,,,,,
Sergey Kalinin,F,3/17/1991,,,,,,,,,0.013,,,,,,
Sergey Tolchinsky,F,2/3/1995,,,,,,,,,,,,,,,
Seth Griffith,F,1/4/1993,,,,,,,,0.005,,-0.030,,,,,
Seth Jarvis,F,2/1/2002,,,,,,,,,,,,,,,0.000
Shane Doan,F,10/10/1976,0.003,0.013,0.000,0.023,-0.001,-0.013,0.024,0.001,0.027,0.013,,,,,
Shane Harper,F,2/1/1989,,,,,,,,,,,,,,,
Shane Pinto,F,11/12/2000,,,,,,,,,,,,,,,
Shane Prince,F,11/16/1992,,,,,,,,,,0.003,,,,,
Shawn Horcoff,F,9/17/1978,0.016,0.010,0.007,0.025,0.010,0.029,0.031,0.023,,,,,,,
Shawn Matthias,F,2/19/1988,,,-0.027,-0.017,0.002,0.016,,,-0.027,,,,,,
Shawn Thornton,F,7/23/1977,,,,,,,,,,,,,,,
Shean Donovan,F,1/22/1975,,,,,,,,,,,,,,,
Sheldon Dries,F,4/23/1994,,,,,,,,,,,,,,,
Sheldon Rempal,F,8/7/1995,,,,,,,,,,,,,,,
Sidney Crosby,F,8/7/1987,0.004,-0.007,0.009,0.017,-0.010,-0.009,0.007,0.011,0.007,0.021,0.001,0.026,0.006,0.005,0.012
Simon Gagne,F,2/29/1980,0.018,0.018,-0.012,0.009,-0.014,0.013,,,,,,,,,
Simon Gamache,F,1/3/1981,,,,,,,,,,,,,,,
Sonny Milano,F,5/12/1996,,,,,,,,,,,-0.014,,0.003,,0.012
Spencer Foo,F,5/19/1994,,,,,,,,,,,,,,,
Spencer Machacek,F,10/14/1988,,,,,,,,,,,,,,,
Stanislav Galiev,F,1/17/1992,,,,,,,,,,,,,,,
Stefan Matteau,F,2/23/1994,,,,,,,,,,,,,,,
Stefan Meyer,F,7/20/1985,,,,,,,,,,,,,,,
Stefan Noesen,F,2/12/1993,,,,,,,,,,,,,,,
Stefan Ruzicka,F,2/17/1985,,,,,,,,,,,,,,,
Stephane Da Costa,F,7/11/1989,,,,,-0.020,,,,,,,,,,
Stephane Veilleux,F,11/16/1981,,-0.020,,,,,,,,,,,,,
Stephane Yelle,F,5/9/1974,,,,,,,,,,,,,,,
Stephen Gionta,F,10/9/1983,,,,,,,,,,,,,,,
Stephen Weiss,F,4/3/1983,-0.005,-0.008,0.017,-0.008,0.001,0.012,-0.003,0.015,,,,,,,
Steve Begin,F,6/14/1978,,,,,,,,,,,,,,,
Steve Bernier,F,3/31/1985,-0.004,-0.016,-0.009,0.004,,0.000,-0.017,0.015,,,,,,,
Steve Downie,F,4/3/1987,,,0.017,0.001,-0.001,,0.002,0.014,,,,,,,
Steve MacIntyre,F,8/8/1980,,,,,,,,,,,,,,,
Steve Ott,F,8/19/1982,,-0.001,0.021,-0.006,0.019,0.004,0.020,,,,,,,,
Steve Regier,F,8/31/1984,,,,,,,,,,,,,,,
Steve Reinprecht,F,5/7/1976,0.014,0.002,0.002,,,,,,,,,,,,
Steve Sullivan,F,7/6/1974,,0.006,0.012,0.016,0.012,0.029,,,,,,,,,
Steven Fogarty,F,4/19/1993,,,,,,,,,,,,,,,
Steven Goertzen,F,5/26/1984,,,,,,,,,,,,,,,
Steven Lorentz,F,4/13/1996,,,,,,,,,,,,,,,
Steven Pinizzotto,F,4/26/1984,,,,,,,,,,,,,,,
Steven Stamkos,F,2/7/1990,,0.013,0.028,0.014,0.006,0.027,0.022,0.018,0.024,0.005,0.026,0.035,0.024,0.050,0.018
Steven Zalewski,F,8/20/1986,,,,,,,,,,,,,,,
Stu Barnes,F,12/25/1970,,,,,,,,,,,,,,,
Sven Andrighetto,F,3/21/1993,,,,,,,,,-0.004,0.019,0.002,-0.021,,,
Sven Baertschi,F,10/5/1992,,,,,,-0.026,,,-0.002,-0.008,0.029,0.009,,,
T.J. Hensick,F,12/10/1985,0.048,-0.013,,,,,,,,,,,,,
T.J. Oshie,F,12/23/1986,,0.018,-0.019,0.006,-0.012,-0.001,0.000,0.006,0.020,0.005,0.018,0.001,0.003,0.057,0.006
T.J. Tynan,F,2/25/1992,,,,,,,,,,,,,,,
Tage Thompson,F,10/30/1997,,,,,,,,,,,-0.016,-0.001,,0.022,0.023
Tanner Fritz,F,8/20/1991,,,,,,,,,,,,,,,
Tanner Glass,F,11/29/1983,,,,,,,,,,,,,,,
Tanner Jeannot,F,5/29/1997,,,,,,,,,,,,,,,0.021
Tanner Kero,F,7/24/1992,,,,,,,,,,,,,,,
Tanner Laczynski,F,6/1/1997,,,,,,,,,,,,,,,
Tanner Pearson,F,8/10/1992,,,,,,,,-0.011,-0.012,-0.019,-0.027,0.018,0.001,-0.008,-0.014
Tanner Richard,F,4/6/1993,,,,,,,,,,,,,,,
Taro Hirose,F,6/30/1996,,,,,,,,,,,,,-0.007,,
Taylor Beck,F,5/13/1991,,,,,,0.017,,0.028,,,,,,,
Taylor Hall,F,11/14/1991,,,,0.013,0.031,0.006,0.001,-0.013,-0.005,0.009,0.035,-0.004,-0.002,-0.005,0.010
Taylor Leier,F,2/15/1994,,,,,,,,,,,,,,,
Taylor Pyatt,F,8/19/1981,0.002,-0.009,-0.002,0.006,-0.005,0.014,,,,,,,,,
Taylor Raddysh,F,2/18/1998,,,,,,,,,,,,,,,0.007
Teddy Blueger,F,8/15/1994,,,,,,,,,,,,,,,
Teddy Purcell,F,9/8/1985,,0.000,0.003,-0.007,0.021,0.009,-0.001,0.011,-0.004,,,,,,
Teemu Hartikainen,F,5/3/1990,,,,-0.008,,0.003,,,,,,,,,
Teemu Pulkkinen,F,1/2/1992,,,,,,,,-0.016,-0.023,,,,,,
Teemu Selanne,F,7/3/1970,0.020,0.028,0.045,0.020,0.010,0.011,0.002,,,,,,,,
Teuvo Teravainen,F,9/11/1994,,,,,,,,,0.000,-0.002,-0.002,0.016,-0.007,-0.030,0.012
Thomas Bordeleau,F,1/3/2002,,,,,,,,,,,,,,,
Thomas Novak,F,4/28/1997,,,,,,,,,,,,,,,0.018
Thomas Vanek,F,1/19/1984,0.021,0.021,-0.004,-0.006,0.001,0.028,-0.007,-0.014,0.002,0.009,0.002,0.002,,,
Tim Brent,F,3/10/1984,,,,-0.008,0.011,-0.007,,,,,,,,,
Tim Connolly,F,5/7/1981,0.000,0.010,0.009,0.016,0.002,,,,,,,,,,
Tim Gettinger,F,4/14/1998,,,,,,,,,,,,,,,
Tim Jackman,F,11/14/1981,,,,-0.013,,,,,,,,,,,
Tim Kennedy,F,4/30/1986,,,0.004,,,,,,,,,,,,
Tim Schaller,F,11/16/1990,,,,,,,,,,,,,,,
Tim Sestito,F,8/28/1984,,,,,,,,,,,,,,,
Tim Stapleton,F,7/19/1982,,,,,0.027,,,,,,,,,,
Tim Stützle,F,1/15/2002,,,,,,,,,,,,,,0.003,0.000
Tim Wallace,F,8/6/1984,,,,,,,,,,,,,,,
Timo Meier,F,10/8/1996,,,,,,,,,,,-0.034,-0.008,-0.011,-0.015,0.032
TJ Galiardi,F,4/22/1988,,,0.006,,-0.033,,,,,,,,,,
Tobias Lindberg,F,7/22/1995,,,,,,,,,,,,,,,
Tobias Rieder,F,1/10/1993,,,,,,,,-0.018,-0.004,0.004,,,,,
Toby Petersen,F,10/27/1978,,,,,,,,,,,,,,,
Todd Bertuzzi,F,2/2/1975,0.009,0.010,-0.003,0.001,-0.009,,0.017,,,,,,,,
Todd Fedoruk,F,2/13/1979,0.003,,,,,,,,,,,,,,
Todd Marchant,F,8/12/1973,0.003,,,,,,,,,,,,,,
Todd White,F,5/21/1975,0.017,0.016,-0.009,,,,,,,,,,,,
Tom Cavanagh,F,3/24/1982,,,,,,,,,,,,,,,
Tom Kostopoulos,F,1/24/1979,,-0.010,,,,,,,,,,,,,
Tom Kuhnhackl,F,1/21/1992,,,,,,,,,,,,,,,
Tom Pyatt,F,2/14/1987,,,,,,,,,,,,,,,
Tom Sestito,F,9/28/1987,,,,,,,,,,,,,,,
Tom Wandell,F,1/29/1987,,,,,-0.001,,,,,,,,,,
Tom Wilson,F,3/29/1994,,,,,,,,,,,,0.004,0.012,0.021,-0.008
Tomas Fleischmann,F,5/16/1984,-0.011,0.024,0.013,0.007,0.003,-0.006,-0.011,-0.012,-0.007,,,,,,
Tomas Hertl,F,11/12/1993,,,,,,,-0.004,0.000,-0.005,-0.024,-0.021,0.013,-0.019,-0.004,0.000
Tomas Holmstrom,F,1/23/1973,0.015,0.028,0.031,0.021,0.016,,,,,,,,,,
Tomas Hyka,F,3/23/1993,,,,,,,,,,,,-0.040,,,
Tomas Jurco,F,12/28/1992,,,,,,,0.006,-0.008,,,,,,,
Tomas Kopecky,F,2/5/1982,-0.015,,0.002,-0.001,-0.003,0.019,-0.016,,,,,,,,
Tomas Kubalik,F,5/1/1990,,,,,,,,,,,,,,,
Tomas Nosek,F,9/1/1992,,,,,,,,,,,,,,,
Tomas Plekanec,F,10/31/1982,0.020,-0.007,-0.012,-0.006,0.007,0.012,0.006,0.014,-0.008,0.015,,,,,
Tomas Plihal,F,3/28/1983,,,,,,,,,,,,,,,
Tomas Tatar,F,12/1/1990,,,,,,-0.016,-0.016,0.010,0.017,0.002,0.026,-0.001,0.038,0.013,0.005
Tomas Vincour,F,11/19/1990,,,,,,,,,,,,,,,
Tommy Wingels,F,4/12/1988,,,,,,,-0.026,0.002,0.002,,,,,,
Torrey Mitchell,F,1/30/1985,0.000,,,,,,,,,,,,,,
Travis Boyd,F,9/14/1993,,,,,,,,,,,,,,0.007,0.000
Travis Konecny,F,3/11/1997,,,,,,,,,,-0.009,-0.012,0.015,0.007,0.013,-0.015
Travis Moen,F,4/6/1982,,,,,,,,,,,,,,,
Travis Morin,F,1/9/1984,,,,,,,,,,,,,,,
Travis Zajac,F,5/13/1985,-0.004,-0.007,0.001,-0.007,,-0.009,0.000,0.002,0.015,0.010,0.007,0.007,0.012,-0.012,
Trent Frederic,F,2/11/1998,,,,,,,,,,,,,,,
Trent Hunter,F,7/5/1980,-0.014,0.004,-0.006,,-0.019,,,,,,,,,,
Trent Whitfield,F,6/17/1977,,,,,,,,,,,,,,,
Trevor Gillies,F,1/30/1979,,,,,,,,,,,,,,,
Trevor Letowski,F,4/5/1977,,,,,,,,,,,,,,,
Trevor Lewis,F,1/8/1987,,,,,,-0.009,,,,,0.009,,,,
Trevor Linden,F,4/11/1970,0.004,,,,,,,,,,,,,,
Trevor Moore,F,3/31/1995,,,,,,,,,,,,,,0.001,-0.023
Trevor Smith,F,2/8/1985,,,,,,,,,,,,,,,
Trevor Zegras,F,3/20/2001,,,,,,,,,,,,,,-0.028,0.027
Troy Bodie,F,1/25/1985,,,,,,,,,,,,,,,
Troy Brouwer,F,8/17/1985,,0.004,0.014,0.019,-0.007,0.014,0.008,0.004,0.022,0.010,-0.025,,,,
Troy Terry,F,9/10/1997,,,,,,,,,,,,0.025,-0.018,-0.021,0.027
Tuomo Ruutu,F,2/16/1983,0.009,0.007,-0.006,0.000,-0.015,,-0.003,,,,,,,,
Turner Elson,F,9/13/1992,,,,,,,,,,,,,,,
Ty Dellandrea,F,7/21/2000,,,,,,,,,,,,,,0.032,
Ty Rattie,F,2/5/1993,,,,,,,,,,,,-0.034,,,
Tyce Thompson,F,7/12/1999,,,,,,,,,,,,,,,
Tye McGinn,F,7/29/1990,,,,,,-0.012,,,,,,,,,
Tyler Arnason,F,3/16/1979,-0.001,0.005,,,,,,,,,,,,,
Tyler Benson,F,3/15/1998,,,,,,,,,,,,,,,
Tyler Bertuzzi,F,2/24/1995,,,,,,,,,,,-0.008,0.004,-0.007,0.054,-0.011
Tyler Bozak,F,3/19/1986,,,0.000,0.007,0.000,0.012,0.010,0.009,0.002,0.011,-0.010,-0.008,0.005,0.009,
Tyler Ennis,F,10/6/1989,,,,-0.002,0.016,-0.007,-0.004,0.002,0.000,-0.013,0.033,-0.017,0.007,,-0.006
Tyler Gaudet,F,4/4/1993,,,,,,,,,,,,,,,
Tyler Graovac,F,4/27/1993,,,,,,,,,,,,,,,
Tyler Johnson,F,7/29/1990,,,,,,,0.005,0.025,-0.006,0.015,-0.002,-0.005,-0.006,0.011,-0.014
Tyler Kennedy,F,7/15/1986,-0.002,-0.026,,0.023,-0.024,0.009,-0.015,,0.010,,,,,,
Tyler Motte,F,3/10/1995,,,,,,,,,,,,,,,
Tyler Pitlick,F,11/1/1991,,,,,,,,,,,,0.014,,-0.019,
Tyler Randell,F,6/15/1991,,,,,,,,,,,,,,,
Tyler Seguin,F,1/31/1992,,,,-0.008,0.002,0.006,-0.006,0.016,-0.016,0.005,0.004,0.003,-0.009,,-0.006
Tyler Toffoli,F,4/24/1992,,,,,,,-0.013,-0.005,0.020,-0.006,0.002,-0.004,0.013,0.027,0.014
Tyson Jost,F,3/14/1998,,,,,,,,,,,0.007,0.009,-0.013,,-0.006
Vadim Shipachyov,F,3/12/1987,,,,,,,,,,,,,,,
Valentin Zykov,F,5/15/1995,,,,,,,,,,,,-0.030,,,
Valeri Nichushkin,F,3/4/1995,,,,,,,-0.001,,-0.002,,,,-0.004,-0.020,0.012
Valtteri Filppula,F,3/20/1984,-0.001,0.000,-0.011,0.008,0.000,0.013,0.014,0.005,0.002,-0.005,0.012,0.000,0.009,0.009,
Valtteri Puustinen,F,6/4/1999,,,,,,,,,,,,,,,
Vasily Podkolzin,F,6/24/2001,,,,,,,,,,,,,,,0.017
Vernon Fiddler,F,5/9/1980,0.024,0.020,,,,,,0.065,,,,,,,
Victor Ejdsell,F,6/6/1995,,,,,,,,,,,,,,,
Victor Olofsson,F,7/18/1995,,,,,,,,,,,,,0.036,0.022,0.024
Victor Oreskovich,F,8/15/1986,,,,,,,,,,,,,,,
Victor Rask,F,3/1/1993,,,,,,,,-0.009,0.001,0.008,0.007,-0.016,,0.001,-0.008
Viktor Arvidsson,F,4/8/1993,,,,,,,,,,0.005,-0.012,-0.001,-0.002,0.000,-0.011
Viktor Kozlov,F,2/14/1975,-0.006,-0.001,,,,,,,,,,,,,
Viktor Lodin,F,6/2/1999,,,,,,,,,,,,,,,
Viktor Stalberg,F,1/17/1986,,,-0.017,,-0.024,-0.014,,,,,,,,,
Viktor Tikhonov,F,5/12/1988,,0.015,,,,,,,0.011,,,,,,
Ville Leino,F,10/6/1983,,,0.000,0.006,0.007,,-0.011,,,,,,,,
Ville Peltonen,F,5/24/1973,0.005,-0.006,,,,,,,,,,,,,
Vincent Lecavalier,F,4/21/1980,0.011,0.004,-0.012,0.016,-0.003,0.019,0.025,-0.025,0.063,,,,,,
Vincent Trocheck,F,7/11/1993,,,,,,,-0.002,-0.012,-0.004,-0.011,0.010,-0.001,-0.009,0.017,-0.003
Vinni Lettieri,F,2/6/1995,,,,,,,,,,,,,,,0.024
Vinnie Hinostroza,F,4/3/1994,,,,,,,,,,,-0.001,0.013,,,
Vinny Prospal,F,2/17/1975,0.021,-0.001,0.000,0.006,0.000,0.023,,,,,,,,,
Vitali Kravtsov,F,12/23/1999,,,,,,,,,,,,,,,
Vitaly Abramov,F,5/8/1998,,,,,,,,,,,,,,,
Vladimir Sobotka,F,7/2/1987,,,,0.015,-0.011,0.017,-0.005,,,,-0.014,,,,
Vladimir Tarasenko,F,12/13/1991,,,,,,0.022,0.019,0.005,0.030,0.009,-0.004,0.025,,0.004,0.003
Vladimir Tkachev,F,10/5/1995,,,,,,,,,,,,,,,
Vladimir Zharkov,F,1/10/1988,,,-0.017,,,,,,,,,,,,
Vladislav Kamenev,F,8/12/1996,,,,,,,,,,,,,-0.012,,
Vladislav Namestnikov,F,11/22/1992,,,,,,,,0.016,-0.005,-0.005,0.010,0.000,0.006,-0.003,-0.013
Vyacheslav Kozlov,F,5/3/1972,0.010,0.027,0.012,,,,,,,,,,,,
Wade Allison,F,10/14/1997,,,,,,,,,,,,,,,
Wade Belak,F,7/3/1976,,,,,,,,,,,,,,,
Wade Megan,F,7/22/1990,,,,,,,,,,,,,,,
Warren Foegele,F,4/1/1996,,,,,,,,,,,,,,,-0.004
Warren Peters,F,7/10/1982,,,,,,,,,,,,,,,
Wayne Primeau,F,6/4/1976,,,,,,,,,,,,,,,
Wayne Simmonds,F,8/26/1988,,,,-0.008,-0.011,-0.001,0.004,0.007,-0.005,0.000,-0.006,-0.021,-0.008,0.023,
Wes Walz,F,5/15/1970,,,,,,,,,,,,,,,
Will Acton,F,7/16/1987,,,,,,,,,,,,,,,
William Carrier,F,12/20/1994,,,,,,,,,,,,,,,
William Eklund,F,10/12/2002,,,,,,,,,,,,,,,
William Karlsson,F,1/8/1993,,,,,,,,-0.021,,,0.003,0.016,-0.002,-0.028,-0.012
William Lockwood,F,6/20/1998,,,,,,,,,,,,,,,
William Nylander,F,5/1/1996,,,,,,,,,-0.014,0.013,0.002,-0.005,0.018,-0.003,0.015
Wojtek Wolski,F,2/24/1986,0.001,-0.008,-0.009,-0.009,-0.026,-0.010,,,,,,,,,
Wyatt Smith,F,2/13/1977,,,,,,,,,,,,,,,
Yakov Trenin,F,1/13/1997,,,,,,,,,,,,,,,
Yan Stastny,F,9/30/1982,,,,,,,,,,,,,,,
Yanic Perreault,F,4/4/1971,0.002,,,,,,,,,,,,,,
Yanni Gourde,F,12/15/1991,,,,,,,,,,,0.022,0.026,0.011,-0.004,0.013
Yegor Chinakhov,F,2/1/2001,,,,,,,,,,,,,,,-0.001
Yegor Sharangovich,F,6/6/1998,,,,,,,,,,,,,,0.029,0.001
Zac Dalpe,F,11/1/1989,,,,,,,,,,,,,,,
Zac Rinaldo,F,6/15/1990,,,,,,,,,,,,,,,
Zach Aston-Reese,F,8/10/1994,,,,,,,,,,,,,-0.015,,
Zach Boychuk,F,10/4/1989,,,,,,,,,,,,,,,
Zach Hamill,F,9/23/1988,,,,,,,,,,,,,,,
Zach Hyman,F,6/9/1992,,,,,,,,,,,,,0.029,-0.003,-0.016
Zach Parise,F,7/28/1984,-0.004,-0.005,0.001,-0.030,-0.014,-0.015,0.010,0.008,-0.011,0.011,-0.012,0.009,0.031,-0.027,0.004
Zach Sanford,F,11/9/1994,,,,,,,,,,,,,-0.005,0.035,-0.014
Zach Senyshyn,F,3/30/1997,,,,,,,,,,,,,,,
Zach Sill,F,5/24/1988,,,,,,,,,,,,,,,
Zack Kassian,F,1/24/1991,,,,,,0.015,0.009,,,,,,,,
Zack MacEwen,F,7/8/1996,,,,,,,,,,,,,,,
Zack Mitchell,F,1/7/1993,,,,,,,,,,,,,,,
Zack Smith,F,4/5/1988,,,,,,-0.029,,,0.010,-0.010,-0.009,,,,
Zack Stortini,F,9/11/1985,,,,,,,,,,,,,,,
Zemgus Girgensons,F,1/5/1994,,,,,,,,-0.007,-0.026,,,,,,0.026
Zenon Konopka,F,1/2/1981,,,,,,,,,,,,,,,